date,nyt_pol,nyt_sub
2015-01-01,0.045454545454545456,0.14913419913419915
2015-01-02,0.07203673094582184,0.3215399449035813
2015-01-03,0.05929533429533431,0.4657287157287157
2015-01-04,0.11875,0.6083333333333334
2015-01-05,0.18121180751615534,0.39607754564276304
2015-01-06,0.06685389610389611,0.36140332584082585
2015-01-07,0.105117501546073,0.3581651978973408
2015-01-08,0.08355,0.3074333333333334
2015-01-09,0.08972546897546896,0.2958256373256374
2015-01-10,0.12190406044572713,0.3558692079525413
2015-01-11,0.11515151515151516,0.2079124579124579
2015-01-12,0.07499503968253968,0.37581624779541445
2015-01-13,0.12598296630905328,0.3800329380764163
2015-01-14,0.11053908128908128,0.35392090317090324
2015-01-15,0.08678671982551292,0.41323078900665106
2015-01-16,0.020059056170167275,0.2856088664421998
2015-01-17,0.016319444444444452,0.44680377492877493
2015-01-18,0.0,0.0
2015-01-19,0.058366477272727285,0.3673905723905724
2015-01-20,0.07497294372294372,0.3433026695526696
2015-01-21,0.014077399741462241,0.33147665268759013
2015-01-22,0.03672794117647059,0.25171977124183004
2015-01-23,0.06289906642179369,0.34484312825221924
2015-01-24,0.1246969696969697,0.26926767676767677
2015-01-26,0.0752823691460055,0.3859272013059892
2015-01-27,0.0591984126984127,0.345045238095238
2015-01-28,0.12802936775159,0.3739627759072203
2015-01-29,0.11796525159428388,0.34178722710980775
2015-01-30,0.11605302665908727,0.3322813998571573
2015-01-31,0.05544981060606061,0.36142992424242426
2015-02-01,0.18020833333333333,0.325
2015-02-02,0.0883670809477261,0.2923688497882046
2015-02-03,0.05496189574314574,0.32332484066859063
2015-02-04,0.054605146705146705,0.28963258778258777
2015-02-05,0.08847674663299662,0.3718707912457913
2015-02-06,0.03684976820752683,0.22305111874077388
2015-02-07,0.12433862433862436,0.44767195767195767
2015-02-08,0.00416666666666667,0.19270833333333334
2015-02-09,0.03633207070707071,0.32711616161616164
2015-02-10,0.004701999389499381,0.3115308302808303
2015-02-11,0.07537834347616956,0.4238687862057427
2015-02-12,0.0595340909090909,0.3099284511784511
2015-02-13,0.06579678362573099,0.3598026315789474
2015-02-14,0.03059636544011545,0.510625450937951
2015-02-15,0.0703125,0.36875
2015-02-16,0.0684225063131313,0.3135495580808081
2015-02-17,0.0669120019640853,0.28556590207631877
2015-02-18,0.11381635229849517,0.2910079751597609
2015-02-19,0.05615530303030303,0.24100378787878793
2015-02-20,0.11804766414141414,0.3272885101010101
2015-02-21,0.05896464646464647,0.45201178451178453
2015-02-22,0.053720538720538724,0.507895622895623
2015-02-23,0.07511363636363635,0.3334867810760668
2015-02-24,0.034772727272727275,0.28584692159692154
2015-02-25,0.04338924963924964,0.34033494283494287
2015-02-26,0.074498075998076,0.20424579124579126
2015-02-27,0.07056303778526002,0.36308501683501676
2015-02-28,0.07043350168350168,0.40993265993266
2015-03-01,0.05708333333333334,0.48625
2015-03-02,0.07753004179728315,0.2755551201671891
2015-03-03,0.041714265672599005,0.3034885060926727
2015-03-04,0.08971384479717813,0.33180090896757564
2015-03-05,0.14669043374925728,0.35778074866310156
2015-03-06,-0.040695045695045694,0.3097246272246272
2015-03-07,0.09173430735930735,0.36319173881673883
2015-03-08,0.03252840909090909,0.2393308080808081
2015-03-09,0.012352225963337075,0.34082772166105496
2015-03-10,0.03846560846560846,0.3811772486772488
2015-03-11,0.045947510822510806,0.26517760942760943
2015-03-12,0.09495525308025309,0.24204025141525143
2015-03-13,0.05709104938271606,0.2905941358024691
2015-03-14,0.31666666666666665,0.3833333333333333
2015-03-15,0.027234848484848483,0.4464772727272727
2015-03-16,0.01984369796869797,0.3144324425574425
2015-03-17,0.05256417193917194,0.3572311022311022
2015-03-18,0.0350139401065327,0.3203562298469706
2015-03-19,0.1587284885895997,0.393841189674523
2015-03-20,0.11022729375002101,0.3606009310554765
2015-03-21,0.06781849103277673,0.41299474335188624
2015-03-22,-0.07369791666666667,0.19635416666666666
2015-03-23,0.09521751910640801,0.3715196942974721
2015-03-24,0.121492303992304,0.2928403078403078
2015-03-25,0.006429425837320577,0.27877791068580543
2015-03-26,0.009431818181818182,0.28125757575757576
2015-03-27,0.06710338680926918,0.47065359477124186
2015-03-28,-0.004761904761904759,0.5071428571428571
2015-03-29,0.12041666666666666,0.28208333333333335
2015-03-30,0.09115555555555557,0.25764444444444445
2015-03-31,0.1298047438672439,0.36743777056277055
2015-04-01,0.0858083523406104,0.29081676984902793
2015-04-02,0.1454229797979798,0.47118798276886514
2015-04-03,0.15624999999999997,0.4141666666666667
2015-04-04,0.26733333333333337,0.34
2015-04-05,-0.023611111111111117,0.4069444444444445
2015-04-06,0.0049791392182696485,0.27929841897233204
2015-04-07,0.08834101888449715,0.27258673693456303
2015-04-08,0.09110478294853294,0.23342809042809046
2015-04-09,0.04978395061728396,0.32305555555555554
2015-04-10,0.06528296356421356,0.34483912788600285
2015-04-11,0.14097943722943723,0.3896186656480774
2015-04-12,0.008333333333333331,0.175
2015-04-13,0.07949258557177812,0.388111191775788
2015-04-14,0.06278040824915825,0.37430660774410773
2015-04-15,0.04333677685950414,0.3210762932353841
2015-04-16,0.13493016098484847,0.36630800189393936
2015-04-17,0.03331053809314679,0.2724376267854528
2015-04-18,0.16944444444444443,0.3666666666666667
2015-04-19,0.021394500561167228,0.254868125701459
2015-04-20,0.04486447264856356,0.27036083234946867
2015-04-21,0.042580698287220026,0.32696805006587615
2015-04-22,0.08873502886002886,0.3386848845598846
2015-04-23,0.08505218855218853,0.41441161616161615
2015-04-24,0.03308080808080808,0.41871843434343436
2015-04-25,0.11305272108843538,0.31802721088435376
2015-04-26,0.08116883116883118,0.2824675324675325
2015-04-27,0.08244031221303949,0.250238751147842
2015-04-28,0.1149752331002331,0.2742715617715618
2015-04-29,0.05608457019171305,0.34078076685219544
2015-04-30,0.08594444444444443,0.35355555555555557
2015-05-01,0.11919071669071665,0.3381974506974507
2015-05-02,0.11862373737373737,0.25744949494949493
2015-05-03,0.04583333333333333,0.20833333333333334
2015-05-04,0.08626050420168067,0.29709617180205417
2015-05-05,0.06845454545454545,0.30698737373737367
2015-05-06,0.11347905749221539,0.35159926330978963
2015-05-07,0.09976590438546962,0.35510736244431895
2015-05-08,0.013348484848484842,0.3347616161616161
2015-05-09,0.13113636363636363,0.3179545454545455
2015-05-10,-0.012648809523809522,0.14925595238095238
2015-05-11,0.12637257996632995,0.38381523569023573
2015-05-12,0.05122020699606906,0.33390132855650095
2015-05-13,0.030456934206934204,0.27294581919581923
2015-05-14,0.04209911616161616,0.3143465909090909
2015-05-15,0.06914333814333816,0.3411911976911977
2015-05-16,0.021074829931972794,0.24848752834467122
2015-05-17,0.0037878787878787845,0.2515151515151515
2015-05-18,0.03344745532245532,0.36540889665889664
2015-05-19,0.1062996031746032,0.2508928571428572
2015-05-20,0.018453557312252962,0.26380050505050506
2015-05-21,0.0807734204793028,0.32380174291939
2015-05-22,0.03382740447957838,0.3125164690382082
2015-05-23,0.05887445887445887,0.16926406926406926
2015-05-24,0.008333333333333335,0.18888888888888888
2015-05-25,0.12447222222222223,0.2842314814814815
2015-05-26,0.07587529429634693,0.2571922229816967
2015-05-27,0.164709595959596,0.5080934343434343
2015-05-28,0.08268939393939394,0.32081649831649833
2015-05-29,0.046395878427128424,0.347901936026936
2015-05-30,0.049639249639249636,0.48080808080808085
2015-05-31,-0.08333333333333333,0.4
2015-06-01,0.06622619047619048,0.3543161375661376
2015-06-02,0.1277740414347557,0.23038696918161197
2015-06-03,0.0562082560296846,0.2501357967429396
2015-06-04,0.09698519283746557,0.3654556932966024
2015-06-05,0.061717171717171705,0.3611810816498317
2015-06-06,0.13333333333333333,0.16666666666666666
2015-06-07,-0.005050505050505046,0.2299242424242424
2015-06-08,0.11592051467051467,0.4589799783549784
2015-06-09,0.028927432216905902,0.2325358851674641
2015-06-10,0.005028409090909093,0.32999053030303027
2015-06-11,0.10580714552936775,0.28085578002244665
2015-06-12,0.031582054309327035,0.1989964580873672
2015-06-13,0.08098958333333334,0.3940104166666667
2015-06-14,0.018333333333333323,0.19680555555555557
2015-06-15,0.05752121913580247,0.27536072530864203
2015-06-16,0.05603063241106719,0.28022046552481333
2015-06-17,0.03925189393939394,0.31767000360750364
2015-06-18,0.04106715652768285,0.33438425609478234
2015-06-19,0.09165854978354979,0.3679193722943723
2015-06-20,0.06152777777777778,0.30736111111111114
2015-06-21,0.030934343434343432,0.4068181818181818
2015-06-22,0.10228700043917438,0.37688076416337285
2015-06-23,0.0878801753801754,0.3048590298590298
2015-06-24,0.06279073631047313,0.2818231658692185
2015-06-25,0.04863679653679654,0.27565281385281387
2015-06-26,0.060574494949494954,0.4338428932178932
2015-06-27,0.23318181818181816,0.3764393939393939
2015-06-28,0.025454545454545452,0.23951515151515154
2015-06-29,0.09969202898550723,0.2682548309178744
2015-06-30,0.012143939393939394,0.3098409090909091
2015-07-01,0.08472524787040915,0.30400735465251594
2015-07-02,0.060437409812409824,0.3023872655122654
2015-07-03,0.11645053475935829,0.3992186571598337
2015-07-04,-0.09090909090909091,0.41085858585858587
2015-07-05,-0.021111111111111115,0.13194444444444445
2015-07-06,0.05983878968253966,0.33841021825396833
2015-07-07,0.07146695125861793,0.31834001389556943
2015-07-08,0.11441387559808612,0.38481525784157367
2015-07-09,0.06274242424242424,0.24500980038480039
2015-07-10,0.06417281278392391,0.291390759446315
2015-07-11,0.10180555555555555,0.3025
2015-07-12,-8.503401360544187e-05,0.367687074829932
2015-07-13,0.039906926406926405,0.26089646464646465
2015-07-14,0.10145681818181819,0.30146439393939395
2015-07-15,0.10745978558478558,0.29125365375365375
2015-07-16,0.030939564821143767,0.27099994303941677
2015-07-17,-0.05139517345399698,0.23661387631975864
2015-07-18,0.1736111111111111,0.24930555555555556
2015-07-19,0.05,0.07500000000000001
2015-07-20,0.11276515151515153,0.29446717171717174
2015-07-21,0.12713987703118138,0.3503233421168204
2015-07-22,0.06890408973742305,0.2268782143782144
2015-07-23,0.08227298495155637,0.2794433493094207
2015-07-24,0.0758592132505176,0.240691856452726
2015-07-25,0.20367604617604612,0.319978354978355
2015-07-26,0.12850378787878788,0.26202651515151515
2015-07-27,0.06990992693373646,0.3404837490551776
2015-07-28,-0.01366372053872054,0.32228715728715734
2015-07-29,0.09730574377313507,0.31651805320283577
2015-07-30,0.032839687194525895,0.34760060280221566
2015-07-31,0.032545015371102326,0.3422771190162495
2015-08-01,0.146875,0.31666666666666665
2015-08-02,0.07202380952380952,0.4375
2015-08-03,0.038143532095145004,0.3474527533398501
2015-08-04,0.06624278499278498,0.292039442039442
2015-08-05,0.024156920077972707,0.18555068226120858
2015-08-06,0.06668354267786086,0.27294836897109626
2015-08-07,0.09450475739538239,0.3611798791486291
2015-08-08,0.16666666666666666,0.16666666666666666
2015-08-09,0.240625,0.35
2015-08-10,0.028129509379509383,0.35133116883116877
2015-08-11,0.048702329416615134,0.3297711811997527
2015-08-12,-0.03128306878306879,0.259755291005291
2015-08-13,0.12129329004329005,0.3739414231601731
2015-08-14,-0.018517152039879307,0.24365735274826184
2015-08-15,0.11877254689754688,0.42858044733044737
2015-08-16,0.05128787878787879,0.25873737373737377
2015-08-17,0.06815145502645502,0.3999393738977072
2015-08-18,0.0016571969696969682,0.25222537878787876
2015-08-19,0.010675505050505048,0.37100168350168355
2015-08-20,0.06761544011544013,0.36563943001443
2015-08-21,0.059559228650137734,0.2703994490358127
2015-08-22,0.05796485260770974,0.32902494331065757
2015-08-23,-0.0016666666666666676,0.1222222222222222
2015-08-24,-0.035606060606060606,0.2787878787878788
2015-08-25,0.0850414230019493,0.25117933723196884
2015-08-26,0.060619769119769115,0.2761042568542568
2015-08-27,0.12711286976911979,0.3508827861952862
2015-08-28,0.03777777777777778,0.3144444444444444
2015-08-29,-0.10250000000000002,0.3233333333333333
2015-08-30,0.08333333333333333,0.19999999999999998
2015-08-31,0.052685950413223145,0.2564279155188246
2015-09-01,0.07379840067340067,0.2948758417508417
2015-09-02,-0.054292929292929296,0.3019807449494949
2015-09-03,0.08922710622710622,0.44353846153846155
2015-09-04,0.11973958333333334,0.35500000000000004
2015-09-05,0.06003517316017315,0.3748280192030192
2015-09-06,0.020833333333333332,0.28611111111111115
2015-09-07,0.14917072510822513,0.46005321067821064
2015-09-08,0.08831738437001595,0.2388357256778309
2015-09-09,0.028950765418156714,0.365446075663467
2015-09-10,0.04412049062049062,0.3251708152958153
2015-09-11,0.05508658008658009,0.39929653679653676
2015-09-12,0.006960978835978839,0.29563492063492064
2015-09-13,0.11106601731601733,0.4138212481962482
2015-09-14,0.08523569023569022,0.26627946127946134
2015-09-15,0.09907024793388429,0.325025826446281
2015-09-16,0.15010942760942758,0.36437710437710435
2015-09-17,-0.0016913179413179393,0.32327320827320827
2015-09-18,0.06758604957134369,0.30003395297512947
2015-09-19,0.15509803921568627,0.29803921568627456
2015-09-20,0.025,0.2375
2015-09-21,0.042937135328439686,0.3112742330133635
2015-09-22,0.08101594650205761,0.2835030864197531
2015-09-23,0.06054895104895106,0.270773747086247
2015-09-24,0.002251563251563259,0.2769143819143819
2015-09-25,0.07406759906759906,0.20052447552447553
2015-09-26,0.15277777777777776,0.30833333333333335
2015-09-27,0.0,0.1
2015-09-28,0.030010510323010324,0.34167270229770236
2015-09-29,0.06672242757242758,0.3207318403818404
2015-09-30,0.04739478114478115,0.36286135161135163
2015-10-01,0.0948996134181319,0.3363377603192418
2015-10-02,0.11300914994096813,0.32638150990423714
2015-10-03,0.08316329966329966,0.4333653198653199
2015-10-04,0.011931818181818182,0.2564393939393939
2015-10-05,0.07313029852092351,0.4306868912337662
2015-10-06,-0.009108946608946606,0.3284142444856731
2015-10-07,0.031198653198653194,0.30570040145040145
2015-10-08,-0.019716141001855283,0.36880730777159343
2015-10-09,0.10896339942636238,0.3350929043521636
2015-10-10,0.15680555555555553,0.42861111111111116
2015-10-11,0.14285714285714285,0.2916666666666667
2015-10-12,0.16133101851851853,0.5139583333333333
2015-10-13,0.09983051948051948,0.3097344155844156
2015-10-14,0.031001984126984135,0.32499999999999996
2015-10-15,0.011571146245059288,0.2707625164690382
2015-10-16,0.06880654369784804,0.2807520860781731
2015-10-17,0.04916666666666667,0.42041666666666666
2015-10-18,0.13977272727272727,0.20757575757575758
2015-10-19,0.014855945821854915,0.17741333792470157
2015-10-20,0.04794146825396825,0.3043650793650794
2015-10-21,0.01653013124441696,0.30971961107675394
2015-10-22,0.028850676072898294,0.27871840094062317
2015-10-23,-0.005345989480604867,0.28061719263642343
2015-10-24,0.11090909090909092,0.23886363636363636
2015-10-25,0.18999999999999997,0.34750000000000003
2015-10-26,0.0825925511270339,0.38747325471463406
2015-10-27,0.012305251172438672,0.2177835836038961
2015-10-28,0.07431808931808931,0.3284846634846635
2015-10-29,0.06917174389396612,0.2284122307733419
2015-10-30,0.05675491175491176,0.31638819513819516
2015-10-31,0.06192434549577406,0.217353638425067
2015-11-01,-0.020721726190476193,0.37016369047619047
2015-11-02,0.11365398027898028,0.3769720418470418
2015-11-03,0.03376114081996435,0.3611549316696375
2015-11-04,0.05691632713691538,0.26928058597176247
2015-11-05,0.014606346718415684,0.26949264815644125
2015-11-06,0.06396090534979425,0.29663580246913573
2015-11-07,0.05753968253968254,0.3373015873015873
2015-11-08,0.08636363636363639,0.6392676767676768
2015-11-09,0.05867441077441076,0.3873190235690236
2015-11-10,0.04598352573352572,0.2915367965367964
2015-11-11,0.03398335681073777,0.26820455118074166
2015-11-12,0.09760218947718947,0.3788085525585526
2015-11-13,0.07220238095238095,0.3107043650793651
2015-11-14,0.05123456790123457,0.25895061728395063
2015-11-15,-0.048611111111111105,0.10694444444444444
2015-11-16,0.029998726763432654,0.18352983617689503
2015-11-17,0.05895061728395062,0.2792824074074074
2015-11-18,0.042786345598845595,0.2607904942279942
2015-11-19,0.052045755170755166,0.3800813191438192
2015-11-20,0.008108974358974353,0.36665598290598295
2015-11-21,0.131267217630854,0.29008264462809913
2015-11-22,0.04032467532467532,0.28929653679653683
2015-11-23,0.0588647842056933,0.29154499540863177
2015-11-24,0.03580597643097643,0.3288247053872054
2015-11-25,0.08891369047619048,0.2799933862433862
2015-11-26,0.1375,0.35624999999999996
2015-11-27,0.03839826839826842,0.27386724386724387
2015-11-28,0.061875,0.18523809523809526
2015-11-29,0.05,0.07500000000000001
2015-11-30,0.08111769872639439,0.3717369345630215
2015-12-01,0.025985038353459413,0.29702893597630436
2015-12-02,0.09073502886002886,0.27499639249639246
2015-12-03,0.14010748720975993,0.34663534697625614
2015-12-04,0.02116702741702742,0.23520622895622897
2015-12-05,0.03636904761904761,0.1892857142857143
2015-12-06,-0.2177083333333333,0.5645833333333332
2015-12-07,0.0038600288600288604,0.301557239057239
2015-12-08,0.094683341350008,0.34898522259633363
2015-12-09,0.006919579822805631,0.2848409595183789
2015-12-10,0.02812121212121212,0.31579292929292924
2015-12-11,0.040075757575757584,0.31594696969696967
2015-12-12,0.13503951856224583,0.5131878853469763
2015-12-13,0.08162878787878788,0.42765151515151517
2015-12-14,0.06814833113746158,0.3475938735177866
2015-12-15,0.07834958783234647,0.39553364100777894
2015-12-16,0.057506340460885916,0.33102261795443616
2015-12-17,0.10156391501219086,0.27245646116335775
2015-12-18,0.047168489405331526,0.29341459709880763
2015-12-19,0.11285714285714285,0.4307142857142857
2015-12-20,0.0375,0.2694444444444445
2015-12-21,0.01936721107175653,0.28122884691066513
2015-12-22,0.1774611191277858,0.3465077360910694
2015-12-23,0.1528360528360528,0.3548951048951049
2015-12-24,0.1101190476190476,0.3863095238095238
2015-12-25,0.10416666666666667,0.3990740740740741
2015-12-26,-0.029797979797979806,0.316969696969697
2015-12-27,0.06392045454545454,0.2161931818181818
2015-12-28,0.08313672438672438,0.31742664742664745
2015-12-29,0.05356934731934732,0.35922688422688415
2015-12-30,0.04404761904761902,0.3434920634920635
2015-12-31,0.014635191197691197,0.3540584415584416
2016-01-01,0.07762962962962965,0.43829629629629635
2016-01-02,0.0994570707070707,0.34508838383838386
2016-01-03,0.046590909090909086,0.48030303030303034
2016-01-04,0.024735524891774892,0.3789224837662338
2016-01-05,-0.04973599632690542,0.3485651974288338
2016-01-06,0.05414904250841751,0.30310185185185184
2016-01-07,0.06123845598845599,0.2960640331890332
2016-01-08,0.007508417508417508,0.32060676206509536
2016-01-09,-0.04548611111111111,0.14375
2016-01-10,0.1607142857142857,0.2702380952380953
2016-01-11,0.09821036451471231,0.43790349143610025
2016-01-12,0.012454368243841928,0.31171761474393056
2016-01-13,0.01803114478114479,0.4035863052291624
2016-01-14,0.10178710178710178,0.28697552447552443
2016-01-15,0.0018603310269976925,0.2935710894044228
2016-01-16,0.1674242424242424,0.29696969696969694
2016-01-17,0.0,0.09166666666666667
2016-01-18,0.09406813230342642,0.29684838581897405
2016-01-19,0.028668605699855704,0.2620691287878788
2016-01-20,0.061510553061478984,0.3224028200880053
2016-01-21,0.05822920766102584,0.3640799226026499
2016-01-22,0.09051117376775271,0.4060975355054302
2016-01-23,0.022615039281705947,0.29503367003367004
2016-01-24,0.09444444444444444,0.13703703703703704
2016-01-25,0.054445045695045685,0.2912114197530864
2016-01-26,0.026996047430830047,0.37918972332015816
2016-01-27,0.10246315192743764,0.22734693877551024
2016-01-28,0.0832411067193676,0.29975076855511645
2016-01-29,0.09257575757575756,0.23782196969696973
2016-01-30,0.16515151515151516,0.34593714927048264
2016-01-31,0.15515151515151515,0.3610606060606061
2016-02-01,0.05096690590111643,0.33491161616161613
2016-02-02,0.04857331821617535,0.3210270219198791
2016-02-03,0.03261880165289256,0.42616936409550044
2016-02-04,0.12057539682539685,0.2552480158730158
2016-02-05,0.008145363408521305,0.19596908939014202
2016-02-06,0.09354423868312757,0.34233539094650206
2016-02-07,0.12366071428571428,0.3683035714285714
2016-02-08,0.01919642857142857,0.3268601190476191
2016-02-09,0.12416556873078612,0.33981978166760773
2016-02-10,0.11115283267457181,0.26965799297321036
2016-02-11,0.07584776334776334,0.28797799422799425
2016-02-12,0.05118612596553772,0.3847057762498938
2016-02-13,0.022380952380952383,0.1773809523809524
2016-02-14,-0.006439393939393939,0.3382575757575757
2016-02-15,-0.02528409090909091,0.26421506734006733
2016-02-16,0.08096440596440596,0.36974025974025976
2016-02-17,0.004535594035594035,0.2542041847041847
2016-02-18,0.1260416666666667,0.28368055555555555
2016-02-19,0.09060696248196247,0.2519173881673881
2016-02-20,0.07234848484848484,0.3221801346801347
2016-02-21,0.044886363636363634,0.20625000000000002
2016-02-22,0.05579704609116374,0.3283034122740005
2016-02-23,0.014219967532467537,0.30242090548340544
2016-02-24,0.051206179441473564,0.31046939988116456
2016-02-25,0.07655014430014428,0.3827795815295816
2016-02-26,0.03680652680652681,0.34088286713286714
2016-02-27,0.07132034632034631,0.35992063492063486
2016-02-28,-0.09555555555555556,0.3866666666666666
2016-02-29,0.04442325036075036,0.2790034271284271
2016-03-01,0.11050505050505051,0.3933501683501684
2016-03-02,0.041203553391053395,0.3133256673881674
2016-03-03,0.04414141414141414,0.3928787878787878
2016-03-04,0.10222222222222221,0.36442049808429117
2016-03-05,-0.1281204906204906,0.41770683020683014
2016-03-06,0.08333333333333333,0.14444444444444446
2016-03-07,0.010624098124098124,0.34696568863235533
2016-03-08,0.06801729415365779,0.30892829813284356
2016-03-09,-0.03819534632034633,0.43117424242424246
2016-03-10,0.0816847041847042,0.3328445165945166
2016-03-11,0.10643230551125286,0.3864832535885168
2016-03-12,0.16828703703703704,0.3731481481481482
2016-03-13,0.009107744107744096,0.3542833092833093
2016-03-14,0.05328164160401002,0.2895457393483709
2016-03-15,0.05297953075730853,0.32069357597135373
2016-03-16,-0.04221572871572871,0.3553728354978355
2016-03-17,0.1341161616161616,0.4879797979797979
2016-03-18,0.019080687830687833,0.19914021164021165
2016-03-19,0.025368686868686863,0.22552525252525255
2016-03-20,-0.03333333333333333,0.1125
2016-03-21,0.10384967689315516,0.34998258987389425
2016-03-22,-0.015195481601731599,0.4080785533910534
2016-03-23,-0.028234265734265726,0.2885780885780886
2016-03-24,0.13326376004947432,0.37946385624957046
2016-03-25,0.037337662337662336,0.16374458874458875
2016-03-26,0.1787878787878788,0.3515151515151515
2016-03-27,0.05833333333333333,0.2333333333333333
2016-03-28,0.07619227994227994,0.25946393883893876
2016-03-29,0.13434875541125538,0.352661525974026
2016-03-30,0.058218163780663766,0.3263723845598846
2016-03-31,0.11232563732563733,0.3585545935545936
2016-04-01,0.016435185185185174,0.3247685185185186
2016-04-02,0.0925,0.3883333333333333
2016-04-03,0.06,0.02
2016-04-04,0.03350468975468975,0.25040584415584416
2016-04-05,0.06768988587170405,0.35740062967335695
2016-04-06,0.061597763347763346,0.304183682058682
2016-04-07,0.06820426487093155,0.3859674790230346
2016-04-08,0.10132575757575758,0.37747474747474746
2016-04-09,0.09007381507381508,0.40758223258223253
2016-04-10,0.07222222222222223,0.2988888888888889
2016-04-11,0.014275312650312648,0.2602228234728235
2016-04-12,0.07186198721913008,0.28152219473648044
2016-04-13,0.014666666666666666,0.3174047619047619
2016-04-14,0.014047844516594514,0.1429157647907648
2016-04-15,0.019953512396694212,0.3065432736455464
2016-04-16,0.10416666666666666,0.32838541666666665
2016-04-17,0.0390625,0.5062500000000001
2016-04-18,0.1388844586213007,0.33247386142122987
2016-04-19,0.006489898989898992,0.17703703703703702
2016-04-20,0.023153099623687855,0.2137193008516538
2016-04-21,7.014590347923457e-05,0.35947320426487095
2016-04-22,0.0698616416263475,0.2770034377387319
2016-04-23,0.13840909090909093,0.2928219696969697
2016-04-24,0.07083333333333333,0.11666666666666667
2016-04-25,0.0720380496696286,0.39115544543176123
2016-04-26,0.0043388429752066115,0.35499311294765845
2016-04-27,0.07771575403154349,0.4320463405989722
2016-04-28,0.051532380952380955,0.288872380952381
2016-04-29,0.06583348364598367,0.3722993326118327
2016-04-30,0.12644557823129252,0.28741496598639454
2016-05-01,-0.016666666666666666,0.10000000000000002
2016-05-02,-0.005473329789119266,0.26278415736310473
2016-05-03,0.07485996326905418,0.27205004591368226
2016-05-04,0.005128667628667632,0.253845999679333
2016-05-05,0.09455200149644594,0.31176112981668536
2016-05-06,0.1308381433381433,0.32116462241462235
2016-05-07,0.17,0.235
2016-05-08,0.03333333333333333,0.23333333333333336
2016-05-09,0.09088053150553149,0.34912668350168347
2016-05-10,0.11957163900913899,0.2702164201539201
2016-05-11,0.06024771524771525,0.22444564694564698
2016-05-12,0.05952380952380952,0.22130325814536342
2016-05-13,0.055521885521885514,0.38791245791245793
2016-05-14,-0.001555916305916305,0.2945927128427128
2016-05-15,0.025000000000000005,0.40238095238095245
2016-05-16,0.06981872294372293,0.3478535353535354
2016-05-17,0.05048245614035087,0.365453216374269
2016-05-18,0.10149578491683756,0.30057074504442927
2016-05-19,0.11746773288439954,0.2813019079685746
2016-05-20,0.12535016835016838,0.3497845117845118
2016-05-21,0.027430555555555555,0.26990740740740743
2016-05-22,0.034940476190476195,0.3866468253968254
2016-05-23,0.050416666666666665,0.34125000000000005
2016-05-24,0.031259968102073356,0.19880459452827876
2016-05-25,0.069011544011544,0.3199675324675325
2016-05-26,-0.055173530173530175,0.5166342916342915
2016-05-27,0.06390514998469544,0.32822048952730765
2016-05-28,0.36416666666666664,0.5658333333333333
2016-05-29,0.024950396825396823,0.30272817460317464
2016-05-30,0.027673611111111107,0.3436111111111111
2016-05-31,0.09497887424023786,0.26184463684463677
2016-06-01,0.06726190476190476,0.4008928571428571
2016-06-02,0.08240135732323232,0.3747719381313131
2016-06-03,0.10711111111111112,0.2429814814814815
2016-06-04,0.10595238095238095,0.25
2016-06-05,0.05,0.12916666666666665
2016-06-06,0.0014115359948693213,0.19926177217843882
2016-06-07,0.05920995670995671,0.3196596062667491
2016-06-08,0.04444444444444447,0.5410493827160493
2016-06-09,0.0009469696969696984,0.15107323232323233
2016-06-10,0.05764638139638139,0.3988100788100788
2016-06-11,-0.009375000000000001,0.20729166666666665
2016-06-12,0.08036616161616163,0.2785353535353535
2016-06-13,0.034246880570409984,0.3216726084373143
2016-06-14,0.0578125,0.21319444444444446
2016-06-15,0.038667929292929296,0.2705018939393939
2016-06-16,0.03999368686868686,0.4107814253647587
2016-06-17,0.1958001063264221,0.4155276448697502
2016-06-18,0.08172348484848485,0.5522727272727272
2016-06-19,0.2125,0.3458333333333334
2016-06-20,-0.001544289044289051,0.29228826728826723
2016-06-21,0.10793969102792633,0.4170157456922162
2016-06-22,0.12413089225589229,0.31410143097643095
2016-06-23,0.15260616367759225,0.4200231910946196
2016-06-24,0.04090909090909091,0.34643939393939394
2016-06-25,0.08310714285714287,0.41811507936507947
2016-06-26,0.11030092592592591,0.2960262345679012
2016-06-27,0.05466477272727273,0.2884034090909091
2016-06-28,0.032037037037037044,0.3781481481481481
2016-06-29,0.0428030303030303,0.24595959595959593
2016-06-30,0.06837548416495784,0.3137474367737526
2016-07-01,0.09048644338118023,0.3912852206273259
2016-07-02,0.0954861111111111,0.5506944444444444
2016-07-03,0.078125,0.165625
2016-07-04,0.05256410256410255,0.2827564102564103
2016-07-05,0.10293831168831169,0.30939393939393944
2016-07-06,0.07816171923314782,0.2699211502782931
2016-07-07,0.05339005130671798,0.3840698653198653
2016-07-08,0.026492604617604627,0.24145021645021644
2016-07-09,0.04807162534435263,0.17551652892561984
2016-07-10,0.08865079365079365,0.2807142857142857
2016-07-11,0.11935966810966811,0.359724025974026
2016-07-12,0.05196608946608946,0.25830627705627707
2016-07-13,0.06322665429808287,0.19896413110698827
2016-07-14,0.13340396445659602,0.3149451279714437
2016-07-15,0.04449254449254449,0.42837925384800385
2016-07-16,0.06613636363636365,0.3785227272727273
2016-07-17,0.10625,0.25416666666666665
2016-07-18,-0.007970779220779219,0.3538870851370851
2016-07-19,0.05985637626262626,0.32479324494949496
2016-07-20,0.041902852049910885,0.30979055258467025
2016-07-21,0.04280583613916949,0.3325729517396183
2016-07-22,0.0326140873015873,0.26364087301587297
2016-07-23,0.06715367965367966,0.3296491702741703
2016-07-24,0.10555555555555556,0.3642361111111111
2016-07-25,-0.04656177156177155,0.3122086247086247
2016-07-26,0.0009615384615384624,0.3972222222222222
2016-07-27,0.03204590548340549,0.2710888648388648
2016-07-28,0.03218954248366014,0.3429330065359477
2016-07-29,0.03148989898989899,0.4182996632996633
2016-07-30,0.09166666666666667,0.27166666666666667
2016-07-31,0.16398809523809524,0.5588293650793651
2016-08-01,0.03089488636363636,0.41722774621212116
2016-08-02,0.11759920634920636,0.22460497835497836
2016-08-03,0.04961519961519961,0.2682058682058682
2016-08-04,0.012884106634106636,0.29590710215710214
2016-08-05,0.0003914141414141393,0.3089204545454545
2016-08-06,0.19444444444444442,0.412962962962963
2016-08-07,0.024999999999999994,0.2833333333333333
2016-08-08,0.057534980451647115,0.3160002365359509
2016-08-09,-0.0333994708994709,0.2932539682539682
2016-08-10,0.1325568181818182,0.434375
2016-08-11,0.037640692640692634,0.22074675324675325
2016-08-12,0.16583333333333336,0.36333333333333334
2016-08-13,0.3333333333333333,0.3333333333333333
2016-08-14,0.25,0.3
2016-08-15,0.04870749158249159,0.3686277056277056
2016-08-16,0.11699810606060605,0.3736742424242424
2016-08-17,0.017945075757575767,0.4291456228956229
2016-08-18,0.08279736136878992,0.3619511440940012
2016-08-19,-0.19166666666666665,0.4976851851851852
2016-08-20,0.10370370370370367,0.5933201058201057
2016-08-21,0.06381222943722943,0.2239177489177489
2016-08-22,0.03944444444444444,0.18300925925925926
2016-08-23,0.028703703703703703,0.3548611111111111
2016-08-24,0.12619269619269619,0.4251437451437452
2016-08-25,-0.006346153846153848,0.26454212454212456
2016-08-26,-0.0034722222222222116,0.2592592592592593
2016-08-27,0.10083487940630798,0.3702319109461966
2016-08-28,0.21916666666666665,0.4408333333333333
2016-08-29,0.1490349927849928,0.3514790764790764
2016-08-30,0.15520833333333334,0.25416666666666665
2016-08-31,0.15328282828282827,0.35580808080808074
2016-09-01,0.10444444444444444,0.3212962962962963
2016-09-02,-0.03611111111111111,0.37500000000000006
2016-09-03,0.03125,0.46759259259259256
2016-09-04,-0.011111111111111117,0.4305555555555555
2016-09-05,0.08635064935064934,0.2398704906204906
2016-09-06,0.1434056473829201,0.2710743801652893
2016-09-07,0.1627754820936639,0.32995867768595044
2016-09-08,0.07535881776953204,0.36576285817357246
2016-09-09,0.05897435897435898,0.2618589743589744
2016-09-10,0.07912121212121212,0.2075151515151515
2016-09-11,0.0369436553030303,0.25899621212121215
2016-09-12,0.04870529832486353,0.21562911725955203
2016-09-13,0.05477044884939622,0.311338004101162
2016-09-14,0.09416666666666669,0.5134722222222222
2016-09-15,0.05381565656565656,0.36053078403078404
2016-09-16,0.11190079365079365,0.28932936507936513
2016-09-17,0.056391774891774896,0.36314718614718616
2016-09-18,0.07402597402597401,0.3397237682951969
2016-09-19,0.07113095238095239,0.4097222222222222
2016-09-20,0.046925990675990674,0.2734071484071484
2016-09-21,0.09126683501683502,0.34905303030303036
2016-09-22,0.07670454545454547,0.4274621212121211
2016-09-23,0.043731361231361225,0.25178090428090427
2016-09-24,0.16066666666666668,0.3968333333333333
2016-09-25,0.06666666666666667,0.23333333333333334
2016-09-26,0.038791035353535355,0.40525252525252514
2016-09-27,0.075,0.25166666666666665
2016-09-28,0.0350786302175191,0.30040784832451495
2016-09-29,0.058800030378977755,0.4231708058023848
2016-09-30,0.02479575163398693,0.307172035480859
2016-10-01,0.0,0.0
2016-10-02,0.04543650793650794,0.314484126984127
2016-10-03,0.08178726035868891,0.41638837353123065
2016-10-04,0.09417613636363638,0.2706912878787879
2016-10-05,0.002866274350649345,0.37289130140692645
2016-10-06,0.07702922077922078,0.29421446608946605
2016-10-07,0.03807526798598228,0.3483205782312925
2016-10-08,-0.038888888888888876,0.5201388888888889
2016-10-09,0.03179012345679012,0.15802469135802466
2016-10-10,0.1907051282051282,0.43632478632478633
2016-10-11,0.012593995510662172,0.44835858585858585
2016-10-12,0.016900623885918,0.35764260249554364
2016-10-13,0.03767724867724868,0.2851878306878307
2016-10-14,0.04666756854256855,0.3617975388808721
2016-10-15,0.008939393939393936,0.3159090909090909
2016-10-16,0.008333333333333331,0.21458333333333335
2016-10-17,0.134452947845805,0.3340702947845805
2016-10-18,0.10284565580618213,0.28167815371762744
2016-10-19,0.06505050505050505,0.4047979797979798
2016-10-20,0.13084523809523813,0.31810119047619045
2016-10-21,-0.013282360643471753,0.3516170968948747
2016-10-22,0.02222222222222222,0.4111111111111111
2016-10-23,0.0890625,0.16145833333333331
2016-10-24,0.05172558922558924,0.33805916305916317
2016-10-25,0.13166666666666665,0.3925277777777778
2016-10-26,0.05689033189033189,0.2926497113997114
2016-10-27,0.0037878787878787828,0.20694444444444446
2016-10-28,0.06414141414141414,0.3304713804713805
2016-10-29,0.09537037037037038,0.23703703703703705
2016-10-30,-0.013852813852813855,0.4404452690166976
2016-10-31,0.0746557682083998,0.38321903242955874
2016-11-01,0.07735690235690235,0.34015782828282826
2016-11-02,0.09942129629629631,0.22592592592592595
2016-11-03,0.1115602904040404,0.34791414141414134
2016-11-04,0.053580808080808076,0.5082878787878788
2016-11-05,0.046875,0.13437500000000002
2016-11-06,0.03958333333333334,0.25
2016-11-07,0.02790464165464165,0.36790524290524285
2016-11-08,-0.02089646464646465,0.5051136363636363
2016-11-09,0.019999999999999997,0.32291666666666663
2016-11-10,0.08073142135642135,0.47455447330447326
2016-11-11,0.06369186369186369,0.21430834123141815
2016-11-12,0.08246001683501683,0.29099326599326597
2016-11-13,0.15833333333333333,0.31666666666666665
2016-11-14,0.11646504729838064,0.29948773448773447
2016-11-15,0.041389933166248956,0.20674081035923142
2016-11-16,0.03856421356421356,0.18721139971139972
2016-11-17,0.024911530268673127,0.2416539545110974
2016-11-18,0.025,0.40625
2016-11-19,0.0320864898989899,0.17911931818181817
2016-11-20,0.03819444444444444,0.5750000000000001
2016-11-21,0.18977272727272732,0.5519507575757575
2016-11-22,0.11965728715728714,0.4213973063973064
2016-11-23,0.1504201680672269,0.3208683473389356
2016-11-24,0.056705146705146696,0.25405242905242903
2016-11-25,0.10500000000000001,0.30303571428571424
2016-11-26,-0.06406926406926407,0.28365800865800866
2016-11-27,-0.04861111111111112,0.21944444444444444
2016-11-28,0.03177375607931163,0.4563154695099139
2016-11-29,-0.04863215488215488,0.4348277648277648
2016-11-30,0.05497487631416203,0.3577365491651206
2016-12-01,0.14589646464646464,0.3600649350649351
2016-12-02,0.0770580808080808,0.22957070707070706
2016-12-03,0.14722222222222223,0.38055555555555554
2016-12-04,0.0,0.05
2016-12-05,-0.029249526515151517,0.20249289772727272
2016-12-06,0.05958468614718615,0.25246482683982685
2016-12-07,0.05524384469696969,0.462432922979798
2016-12-08,0.065625,0.3096527777777778
2016-12-09,0.11239478114478114,0.39764309764309774
2016-12-10,-0.0576741440377804,0.4024498229043683
2016-12-11,0.022727272727272724,0.07575757575757576
2016-12-12,0.07096380471380472,0.2805545033670033
2016-12-13,0.03504238816738816,0.29807449494949495
2016-12-14,0.02725184172552593,0.44672780435938325
2016-12-15,0.15229312354312355,0.44410742035742035
2016-12-16,0.08100321395775942,0.24170684113865934
2016-12-17,-0.04294612794612795,0.40419191919191916
2016-12-18,0.021212121212121217,0.26515151515151514
2016-12-19,0.008333333333333333,0.31712962962962965
2016-12-20,0.036913442460317455,0.38765873015873026
2016-12-21,0.07997685185185185,0.3998263888888889
2016-12-22,0.017472342472342476,0.3355339105339106
2016-12-23,0.03239750445632799,0.27571810542398784
2016-12-24,-0.0038252899364010526,0.3061962214739993
2016-12-25,-0.08586309523809524,0.384375
2016-12-26,0.1279689253647587,0.43976045173961836
2016-12-27,0.0513888888888889,0.4236111111111111
2016-12-28,0.10645517676767674,0.3465751262626262
2016-12-29,0.06190968122786304,0.46105535878263154
2016-12-30,0.07737373737373737,0.3607828282828283
2016-12-31,0.20625,0.2916666666666667
2017-01-01,0.2147159090909091,0.434469696969697
2017-01-02,0.20208333333333334,0.3388888888888889
2017-01-03,0.09719696969696971,0.3997306397306397
2017-01-04,0.08045995670995672,0.23773809523809522
2017-01-05,0.10535353535353534,0.4127525252525252
2017-01-06,0.14611111111111114,0.3386111111111111
2017-01-07,0.25,0.27777777777777773
2017-01-08,0.11133333333333333,0.30074999999999996
2017-01-09,0.01281846071762038,0.23064975990396155
2017-01-10,0.053551512145262145,0.32014414983164985
2017-01-11,0.038213012477718356,0.32165775401069524
2017-01-12,0.11977651515151515,0.3352828282828283
2017-01-13,0.02138812366085093,0.3580712427303336
2017-01-14,-0.020000000000000007,0.08
2017-01-15,0.12916666666666668,0.23229166666666667
2017-01-16,0.09598214285714288,0.3255456349206349
2017-01-17,0.138766571969697,0.3099289772727272
2017-01-18,0.04864639037433155,0.4414438502673797
2017-01-19,0.05493650793650794,0.22821428571428568
2017-01-20,0.07120009620009621,0.42034181096681095
2017-01-21,0.021461640211640213,0.2804232804232804
2017-01-22,0.011666666666666665,0.2972222222222222
2017-01-23,-0.0013528138528138536,0.2491754277468563
2017-01-24,0.06801925505050505,0.23909113455988457
2017-01-25,0.11679292929292928,0.4027356902356903
2017-01-26,0.011784271284271284,0.38845021645021643
2017-01-27,0.10871212121212122,0.39312770562770566
2017-01-28,0.06541666666666665,0.4887499999999999
2017-01-29,0.37777777777777777,0.4222222222222222
2017-01-30,0.20678240740740741,0.37602693602693604
2017-01-31,0.049583333333333326,0.20858974358974358
2017-02-01,0.04511784511784512,0.2547138047138047
2017-02-02,0.1471877254689755,0.34174761002886006
2017-02-03,0.009809027777777774,0.35963541666666665
2017-02-04,0.1907433712121212,0.5234848484848484
2017-02-05,0.05181818181818182,0.43231060606060606
2017-02-06,0.08497023809523808,0.42470238095238094
2017-02-07,0.15783746556473824,0.406831955922865
2017-02-08,0.12419524919524919,0.25770618270618273
2017-02-09,0.045440516273849596,0.2630681818181818
2017-02-10,0.044121131954465286,0.2685496232162899
2017-02-11,-0.1,0.5093749999999999
2017-02-12,0.2778409090909091,0.46988636363636366
2017-02-13,0.07766117810760667,0.37604746444032155
2017-02-14,0.09209197235513027,0.31671982987772457
2017-02-15,0.11487603305785124,0.39548324150596875
2017-02-16,0.14200153711023275,0.38634167764602545
2017-02-17,0.046512199921290825,0.2811860487996852
2017-02-18,0.17432745825602966,0.48483302411873835
2017-02-19,-0.004377104377104368,0.4517676767676768
2017-02-20,0.025361952861952863,0.11446127946127944
2017-02-21,0.08441043083900227,0.28052721088435373
2017-02-22,0.0780122655122655,0.4066017316017317
2017-02-23,0.07310170153920154,0.28452937109187104
2017-02-24,0.004715007215007214,0.3970923520923521
2017-02-25,0.24727891156462584,0.36836734693877554
2017-02-26,-0.025,0.155
2017-02-27,0.07390350877192982,0.28311403508771926
2017-02-28,-0.023627645502645497,0.3967427248677248
2017-03-01,0.11347593582887698,0.3568033273915627
2017-03-02,0.07014414983164984,0.35345117845117846
2017-03-03,0.05323482218013468,0.4383410932239057
2017-03-04,0.030431547619047615,0.23117559523809522
2017-03-05,0.05386544011544011,0.22806998556998556
2017-03-06,0.06847943722943724,0.2859036796536797
2017-03-07,0.13369463869463868,0.33205905205905206
2017-03-08,0.04481831300013118,0.2877857306834579
2017-03-09,0.05980744949494949,0.33702020202020205
2017-03-10,0.15936639118457302,0.4137970615243343
2017-03-11,0.020303030303030302,0.13212121212121214
2017-03-12,0.1476851851851852,0.37106481481481485
2017-03-13,0.1344583333333333,0.3365023148148148
2017-03-14,0.023649440836940837,0.29001178880643164
2017-03-15,0.0834714330808081,0.3137994528619528
2017-03-16,0.0884249084249084,0.30258852258852253
2017-03-17,0.11655685001273239,0.3026101349630762
2017-03-18,0.020941558441558438,0.24259431045145335
2017-03-19,0.015707671957671955,0.3551296296296297
2017-03-20,0.012875280583613917,0.2688637365720699
2017-03-21,0.03546176046176046,0.2533910533910534
2017-03-22,-0.015512265512265517,0.32395382395382394
2017-03-23,-0.0018939393939393923,0.2999368686868687
2017-03-24,0.03078843995510663,0.387077721661055
2017-03-25,-0.16666666666666666,0.3666666666666667
2017-03-26,0.13756421356421356,0.3022193362193363
2017-03-27,0.11668590668590668,0.33362674362674366
2017-03-28,0.053554720133667515,0.3794548872180451
2017-03-29,0.011888656977942684,0.416738172541744
2017-03-30,0.038672438672438664,0.43215548340548343
2017-03-31,-0.006490323402088109,0.29122740005092945
2017-04-01,0.038021043771043775,0.2383973063973064
2017-04-02,-0.025305134680134678,0.31580387205387206
2017-04-03,0.24715451215451212,0.5031676656676657
2017-04-04,0.08443526170798898,0.31453168044077134
2017-04-05,-0.012542087542087542,0.23943201859868526
2017-04-06,0.08970196470196472,0.2924284049284049
2017-04-07,0.09000246829194199,0.40226038581301743
2017-04-08,0.011906565656565657,0.23005892255892257
2017-04-09,0.11708333333333334,0.484375
2017-04-10,0.04631244416958704,0.35333298976156124
2017-04-11,0.04628647586980921,0.2911195286195286
2017-04-12,0.04126602564102563,0.32290521978021974
2017-04-13,0.12925045913682276,0.33850321395775934
2017-04-14,0.06855794552669552,0.32991305916305913
2017-04-15,0.06570917508417509,0.5040008217091551
2017-04-16,0.01736111111111111,0.44236111111111115
2017-04-17,0.12634871441689624,0.38627180899908176
2017-04-18,0.11145743145743146,0.3713528138528139
2017-04-19,0.09626411170528817,0.3501559714795009
2017-04-20,0.05887175324675325,0.3898965848965849
2017-04-21,0.07246503496503497,0.26975524475524476
2017-04-22,0.06885416666666666,0.24041666666666667
2017-04-23,0.1300925925925926,0.34629629629629627
2017-04-24,0.009978505291005288,0.20641534391534394
2017-04-25,0.00785353535353536,0.38497474747474747
2017-04-26,0.07508116883116883,0.2882215007215007
2017-04-27,0.12219727032227032,0.4408174001924002
2017-04-28,0.05173400673400672,0.32936026936026935
2017-04-29,0.08888888888888889,0.23055555555555554
2017-04-30,0.12612634279300947,0.3897627064293731
2017-05-01,0.07137180629827689,0.4225490196078431
2017-05-02,0.11753220985363841,0.2946840857555143
2017-05-03,0.06989583333333334,0.22428819444444448
2017-05-04,0.046230158730158726,0.2946384479717813
2017-05-05,-0.028098290598290603,0.3362179487179487
2017-05-06,0.019696969696969695,0.20732323232323233
2017-05-07,0.1750231910946197,0.35058750773036484
2017-05-08,0.15598484848484848,0.29757102272727276
2017-05-09,0.03932709447415329,0.31671122994652406
2017-05-10,0.059292929292929286,0.23977272727272728
2017-05-11,0.08972869450810628,0.35912910618792976
2017-05-12,0.06422293926923556,0.36284222293481544
2017-05-13,-0.02802068302068302,0.2577705627705627
2017-05-14,0.09252946127946128,0.21036054994388328
2017-05-15,0.06445632798573975,0.370519692725575
2017-05-16,0.06159704184704185,0.3089603174603175
2017-05-17,0.017866161616161617,0.2921972125097125
2017-05-18,0.06887626262626263,0.3528282828282828
2017-05-19,0.08260381593714926,0.28941498316498315
2017-05-20,0.20463924963924965,0.3496176046176046
2017-05-21,0.08333333333333333,0.11666666666666665
2017-05-22,0.08309934664101332,0.40446328362995027
2017-05-23,0.06714759199134199,0.37233473124098126
2017-05-24,-0.007542530568846359,0.40138983823194346
2017-05-25,0.030173898071625346,0.35165289256198345
2017-05-26,0.13568411386593202,0.3607610192837465
2017-05-27,-0.008333333333333325,0.4666666666666667
2017-05-28,0.025,0.06875
2017-05-29,0.10686983471074382,0.298972681359045
2017-05-30,0.00639152514152514,0.30298243423243426
2017-05-31,0.17812499999999998,0.43333333333333335
2017-06-01,0.08940518631695103,0.4304978354978355
2017-06-02,0.074105138688472,0.24456269039602374
2017-06-03,0.22489177489177486,0.45781385281385284
2017-06-04,0.23611111111111113,0.39444444444444443
2017-06-05,0.0655167748917749,0.3494724025974026
2017-06-06,0.005308857808857814,0.40267482517482517
2017-06-07,-0.05616883116883118,0.34012770562770567
2017-06-08,0.03276289682539682,0.3181547619047619
2017-06-09,-0.0008743042671614104,0.3492568542568542
2017-06-10,0.04694865319865319,0.3328072390572391
2017-06-11,0.4,0.2
2017-06-12,0.0908844696969697,0.32117045454545456
2017-06-13,0.07650687547746371,0.319938884644767
2017-06-14,0.037836700336700335,0.3725619288119288
2017-06-15,0.01818518518518519,0.2860740740740741
2017-06-16,0.049559672353789996,0.3508509464391817
2017-06-17,0.0,0.08888888888888889
2017-06-18,0.10075757575757575,0.3886363636363636
2017-06-19,0.04589266925204425,0.2633998091029341
2017-06-20,0.05997869318181817,0.4190696022727272
2017-06-21,0.12715773809523812,0.38479662698412703
2017-06-22,-0.002757264521970406,0.25355356789180317
2017-06-23,0.01920995670995671,0.27396374458874456
2017-06-24,-0.135,0.52
2017-06-25,0.05873015873015873,0.4202380952380952
2017-06-26,0.0216358024691358,0.3487885802469136
2017-06-27,0.08479992229992228,0.4043900543900544
2017-06-28,0.024021464646464652,0.5187578914141414
2017-06-29,0.05935132575757575,0.34045928030303035
2017-06-30,0.08426573426573428,0.31047979797979797
2017-07-01,0.16666666666666666,0.2333333333333333
2017-07-02,0.07041666666666667,0.2733333333333333
2017-07-03,0.020405443322109987,0.3127455106621774
2017-07-04,0.11327725304998032,0.3666961826052736
2017-07-05,0.09774350649350651,0.4782521645021645
2017-07-06,0.07744303941672363,0.45719943798891166
2017-07-07,0.010119047619047621,0.31279761904761905
2017-07-08,0.22275132275132273,0.6177248677248678
2017-07-09,0.06571428571428571,0.30904761904761907
2017-07-10,-0.008333333333333333,0.10454545454545454
2017-07-11,0.02433518862090291,0.45985879200164914
2017-07-12,0.008230027548209362,0.3729511019283746
2017-07-13,0.0909803391053391,0.29129193722943725
2017-07-14,0.11685064935064936,0.3986688311688312
2017-07-15,0.11145833333333335,0.4541666666666666
2017-07-16,0.06553030303030304,0.36235795454545455
2017-07-17,-0.014646464646464649,0.3288404882154882
2017-07-18,0.07533333333333334,0.20633333333333334
2017-07-19,0.11861471861471863,0.3427717019822283
2017-07-20,0.11084652326839828,0.278849770021645
2017-07-21,0.10791675255960971,0.32174379852951285
2017-07-22,-0.03229166666666667,0.30972222222222223
2017-07-23,0.0835185185185185,0.25055555555555553
2017-07-24,0.027483660130718953,0.34612745098039216
2017-07-25,0.06394936204146731,0.2805402711323764
2017-07-26,0.08206400742115028,0.2759900020614306
2017-07-27,0.009393939393939392,0.23601398601398602
2017-07-28,0.026636153198653197,0.3318118686868687
2017-07-29,0.0722222222222222,0.3361111111111111
2017-07-30,0.0588474025974026,0.1198051948051948
2017-07-31,0.13393162393162394,0.37170940170940175
2017-08-01,-0.002733585858585861,0.2341287878787879
2017-08-02,0.07336070791953143,0.21575418046006284
2017-08-03,0.08512746512746512,0.3231938431938432
2017-08-04,0.17510822510822513,0.3926226551226551
2017-08-05,-0.02291666666666666,0.3288194444444445
2017-08-06,0.1032828282828283,0.4280723905723906
2017-08-07,0.0069563279857397485,0.3662759952465835
2017-08-08,0.09882111935683366,0.2740607606679035
2017-08-09,0.07243055555555555,0.3284722222222222
2017-08-10,0.08170454545454545,0.3663365800865801
2017-08-11,0.07569444444444444,0.4784722222222222
2017-08-12,-0.038888888888888896,0.08611111111111111
2017-08-13,0.16805555555555557,0.49236111111111114
2017-08-14,0.027166563595135022,0.26189497010925583
2017-08-15,0.0059370156592378764,0.3219133130244242
2017-08-16,0.0999331550802139,0.34830659536541886
2017-08-17,0.06132275132275131,0.3328240740740741
2017-08-18,0.054998453927025355,0.266684188827046
2017-08-19,0.061111111111111116,0.3493055555555556
2017-08-20,0.0,0.05
2017-08-21,0.025145502645502648,0.2135978835978836
2017-08-22,0.024734848484848485,0.2867550505050505
2017-08-23,-0.020833333333333336,0.27107426303854876
2017-08-24,0.0755787037037037,0.23796296296296293
2017-08-25,0.06389114357864356,0.38409316378066377
2017-08-26,-0.35,0.1
2017-08-27,0.04583333333333334,0.23125
2017-08-28,0.1585858585858586,0.2826704545454546
2017-08-29,0.07014467592592594,0.2681134259259259
2017-08-30,0.10739583333333332,0.28625
2017-08-31,0.05048821548821549,0.3002384960718294
2017-09-01,0.027167508417508413,0.35961700336700336
2017-09-02,0.13125,0.14375
2017-09-03,0.08977272727272727,0.2559090909090909
2017-09-04,-0.08705357142857142,0.14151785714285714
2017-09-05,0.01141945773524721,0.37682216905901117
2017-09-06,-0.016094977553310894,0.2827441077441077
2017-09-07,0.14956609748276414,0.5372184143017477
2017-09-08,0.16378787878787884,0.37244107744107746
2017-09-09,0.10542929292929293,0.46828282828282825
2017-09-10,0.10913419913419915,0.3039393939393939
2017-09-11,0.023855905998763142,0.37637342815914243
2017-09-12,0.12242063492063492,0.41596459096459104
2017-09-13,0.1390151515151515,0.3077020202020202
2017-09-14,-0.02718253968253968,0.19027777777777777
2017-09-15,0.12076573426573425,0.41714219114219114
2017-09-16,0.21856060606060607,0.3253787878787879
2017-09-17,0.0421875,0.1109375
2017-09-18,0.024816441728206434,0.35203611747729396
2017-09-19,0.02484848484848485,0.2621338383838384
2017-09-20,0.04826073232323231,0.4359887065095398
2017-09-21,-0.018722943722943714,0.31971500721500723
2017-09-22,0.10118371212121212,0.24269956509539845
2017-09-23,0.011919191919191918,0.23898989898989895
2017-09-24,0.06805555555555556,0.3902777777777778
2017-09-25,-0.01215673215673216,0.39191447441447447
2017-09-26,-0.014646464646464649,0.19191919191919193
2017-09-27,0.08494058229352348,0.27549910873440286
2017-09-28,0.06135762385762387,0.32219252044252045
2017-09-29,0.035599585599585586,0.354503367003367
2017-09-30,0.08541666666666665,0.3066666666666667
2017-10-01,-0.008333333333333331,0.2638888888888889
2017-10-02,0.05962283903460374,0.341788755906403
2017-10-03,0.04627886002886002,0.2761833999333999
2017-10-04,0.12700216450216448,0.39972943722943727
2017-10-05,-0.003156565656565663,0.3039705086580087
2017-10-06,0.06485124352771411,0.3776456794839148
2017-10-07,-0.05070810142238714,0.4620160791589362
2017-10-08,0.046732954545454536,0.2911931818181818
2017-10-09,0.08876332001332,0.3439165001665001
2017-10-10,0.08468418836065895,0.2775663062427768
2017-10-11,-0.014494949494949486,0.40520202020202023
2017-10-12,0.12681998556998558,0.25421476671476667
2017-10-13,0.01547321036451471,0.4014404918752746
2017-10-14,0.09450757575757576,0.27335858585858586
2017-10-15,0.10488945578231292,0.3368622448979592
2017-10-16,0.05831544612794612,0.42445812289562296
2017-10-17,0.03351981351981353,0.4420745920745921
2017-10-18,-0.023379629629629632,0.22037037037037036
2017-10-19,0.05335297418630753,0.27770763187429853
2017-10-20,0.14351551226551226,0.411751443001443
2017-10-21,0.0625,0.09999999999999999
2017-10-22,0.1414141414141414,0.29545454545454547
2017-10-23,0.0706172839506173,0.34166666666666673
2017-10-24,0.14972222222222223,0.30333333333333334
2017-10-25,0.028477961432506884,0.240633608815427
2017-10-26,0.11969696969696969,0.2988510101010101
2017-10-27,0.05301226551226551,0.24070981928124788
2017-10-28,0.0,0.0
2017-10-29,-0.02083333333333334,0.25416666666666665
2017-10-30,0.15681818181818183,0.332449494949495
2017-10-31,0.07395104895104894,0.41349067599067596
2017-11-01,0.10472132034632034,0.35373376623376623
2017-11-02,0.05601105035315562,0.2493350801245538
2017-11-03,0.019774192821067814,0.2671147862554113
2017-11-04,0.0346590909090909,0.4203914141414141
2017-11-05,0.05434027777777778,0.3020833333333333
2017-11-06,0.1042910052910053,0.4218042328042328
2017-11-07,0.01863989598364599,0.4648418710918711
2017-11-08,-0.010123456790123457,0.2841975308641976
2017-11-09,0.03103425559947299,0.2713339920948617
2017-11-10,0.08012566137566136,0.35460557960557954
2017-11-11,0.00545138888888889,0.23090277777777776
2017-11-12,0.041666666666666664,0.22638888888888886
2017-11-13,0.07765280354566069,0.3833841819556105
2017-11-14,0.1800099957912458,0.3881544612794613
2017-11-15,0.04254489337822671,0.31255190796857457
2017-11-16,0.14229587542087543,0.37947969276094284
2017-11-17,0.17034299034299036,0.4378160728160729
2017-11-18,0.020909090909090898,0.2896969696969697
2017-11-19,0.04674873737373737,0.24321338383838384
2017-11-20,0.07050964187327824,0.24841597796143253
2017-11-21,0.009927849927849928,0.3229473304473304
2017-11-22,0.057225589225589214,0.4405976430976431
2017-11-23,0.15397464225589225,0.4216882365319865
2017-11-24,0.014062499999999992,0.49687499999999996
2017-11-25,-0.002260101010101009,0.21251262626262626
2017-11-26,0.2,0.3458333333333333
2017-11-27,0.07200126262626262,0.28664772727272725
2017-11-28,0.09240295107942166,0.40910551594375133
2017-11-29,0.11563725490196078,0.31499999999999995
2017-11-30,-0.015527065527065525,0.37535612535612545
2017-12-01,0.06907065157065158,0.4145873570873571
2017-12-02,0.19999999999999998,0.3666666666666667
2017-12-03,-0.05916666666666666,0.5758333333333334
2017-12-04,0.08333333333333333,0.29848484848484846
2017-12-05,0.05629509379509379,0.3171807359307359
2017-12-06,0.07858838383838385,0.39179461279461286
2017-12-07,0.020538720538720547,0.34793771043771043
2017-12-08,0.11200509559884558,0.29581642316017315
2017-12-09,0.10418470418470419,0.36322150072150067
2017-12-10,0.055113636363636365,0.39166666666666666
2017-12-11,0.04622159090909091,0.2584469696969697
2017-12-12,0.08071428571428572,0.22714285714285715
2017-12-13,0.025352425352425358,0.34486624486624484
2017-12-14,0.164484126984127,0.2891071428571429
2017-12-15,0.04473581973581974,0.3809926184926185
2017-12-16,0.044814814814814814,0.3083333333333333
2017-12-17,0.07222222222222222,0.3833333333333333
2017-12-18,0.08698281516463334,0.3710369933097206
2017-12-19,0.11316919191919192,0.29940656565656565
2017-12-20,-0.03672839506172838,0.375
2017-12-21,-0.047370370370370375,0.2763703703703703
2017-12-22,0.034992784992785,0.23145743145743145
2017-12-23,-0.08,0.3
2017-12-24,0.06839826839826839,0.324025974025974
2017-12-25,0.06871212121212121,0.41820707070707075
2017-12-26,0.26145833333333335,0.4479166666666667
2017-12-27,0.035633116883116885,0.32820165945165947
2017-12-28,0.10947270322270322,0.21131553631553632
2017-12-29,0.031861471861471855,0.22874458874458875
2017-12-30,0.01777777777777778,0.3713888888888888
2017-12-31,0.07986111111111112,0.3201388888888889
2018-01-01,0.13999999999999999,0.4716666666666667
2018-01-02,0.16202380952380954,0.3484523809523809
2018-01-03,0.040378787878787875,0.311679292929293
2018-01-04,0.054966329966329955,0.3653198653198653
2018-01-05,0.00196684102934103,0.3076584295334295
2018-01-06,0.03958333333333332,0.4451388888888888
2018-01-07,-0.16666666666666666,0.16666666666666666
2018-01-08,0.07181712962962962,0.33935185185185185
2018-01-09,0.14735996326905418,0.4310146923783288
2018-01-10,0.037279040404040405,0.18630050505050502
2018-01-11,0.047218840187590184,0.3355666035353535
2018-01-12,0.0656439393939394,0.346755518144407
2018-01-13,0.12228535353535352,0.533080808080808
2018-01-14,0.10000000000000002,0.5750000000000001
2018-01-15,0.04016666666666666,0.28933333333333333
2018-01-16,0.003981500270562771,0.3663870851370851
2018-01-17,0.059056473829201095,0.3680670339761249
2018-01-18,0.12719696969696972,0.33787878787878795
2018-01-19,0.10290704665704667,0.4862884800384801
2018-01-20,0.009374999999999994,0.15555555555555556
2018-01-21,-0.125,0.26666666666666666
2018-01-22,0.11789096320346319,0.35333694083694084
2018-01-23,0.09798430735930734,0.20037427849927852
2018-01-24,0.011829836829836831,0.3697746697746697
2018-01-25,0.13453633557800224,0.2963453984287318
2018-01-26,0.08112373737373736,0.38473124098124095
2018-01-27,0.14114583333333333,0.1796875
2018-01-28,0.056666666666666664,0.2788888888888889
2018-01-29,0.057313762626262636,0.33662037037037035
2018-01-30,-0.007023358585858583,0.29198232323232326
2018-01-31,0.09602272727272727,0.3860479797979798
2018-02-01,0.13659999722499722,0.46000575813075806
2018-02-02,0.040828823953823944,0.3960530904280904
2018-02-03,0.06624304267161409,0.442408781694496
2018-02-04,0.12285353535353534,0.4019191919191919
2018-02-05,0.09925213675213676,0.42496114996115
2018-02-06,0.009327651515151514,0.210536858974359
2018-02-07,0.05926767676767677,0.3225126262626262
2018-02-08,0.14071107596107596,0.5428801568801569
2018-02-09,0.09207653457653459,0.2920510045510045
2018-02-10,0.075,0.3894444444444445
2018-02-11,0.1736111111111111,0.3402777777777778
2018-02-12,-0.011363636363636374,0.3876420454545454
2018-02-13,0.07650226757369614,0.3101473922902494
2018-02-14,0.006068336425479275,0.39383889919604204
2018-02-15,-0.025681818181818174,0.2991161616161616
2018-02-16,0.01479978354978355,0.30763760049474337
2018-02-17,0.06191919191919191,0.4538383838383839
2018-02-18,0.24166666666666664,0.40277777777777773
2018-02-19,0.21749999999999997,0.45083333333333336
2018-02-20,0.0742283950617284,0.3192901234567901
2018-02-21,0.17765151515151517,0.3156439393939394
2018-02-22,0.10179398148148149,0.21793981481481484
2018-02-23,0.09566385003885003,0.3969439588189588
2018-02-24,0.03631897203325774,0.3999811035525322
2018-02-25,0.2610119047619048,0.4474702380952381
2018-02-26,0.2124958374958375,0.5312437562437563
2018-02-27,0.1247685185185185,0.3286640211640212
2018-02-28,0.16100063131313133,0.3250368265993266
2018-03-01,0.11036886724386726,0.2639094516594517
2018-03-02,0.06844300144300144,0.4040137085137085
2018-03-03,0.035890151515151514,0.3007102272727273
2018-03-04,0.16111111111111112,0.4185185185185185
2018-03-05,0.0637085137085137,0.4135786435786436
2018-03-06,0.03326984126984127,0.22719841269841273
2018-03-07,0.16157407407407406,0.36743827160493825
2018-03-08,0.020000000000000004,0.28477272727272723
2018-03-09,-0.014107875631313136,0.2669082653457653
2018-03-10,0.05833333333333335,0.2541666666666667
2018-03-11,0.11071428571428571,0.33571428571428574
2018-03-12,0.07883522727272727,0.31096117424242425
2018-03-13,0.025582808395308392,0.2795267232767233
2018-03-14,0.024470811051693405,0.4085301544860368
2018-03-15,0.09918223905723905,0.3578265993265993
2018-03-16,0.18811640211640215,0.43628835978835984
2018-03-17,0.012698412698412674,0.3971230158730159
2018-03-18,0.2092870670995671,0.5481195887445888
2018-03-19,0.02199074074074074,0.1476851851851852
2018-03-20,0.10537878787878788,0.3443181818181818
2018-03-21,0.038257575757575754,0.334469696969697
2018-03-22,0.019221230158730163,0.3228753306878307
2018-03-23,0.042114197530864185,0.32341049382716053
2018-03-24,0.10290404040404039,0.2390782828282828
2018-03-25,0.09747474747474748,0.3309343434343434
2018-03-26,0.13552188552188552,0.2479587542087542
2018-03-27,0.1825058275058275,0.3754895104895105
2018-03-28,0.1159747023809524,0.48893601190476194
2018-03-29,0.10979166666666668,0.3677083333333333
2018-03-30,0.06924452861952862,0.3323274410774411
2018-03-31,0.1566077441077441,0.336300505050505
2018-04-01,0.029545454545454545,0.11931818181818182
2018-04-02,0.055591458805744516,0.42269652305366595
2018-04-03,0.06645361174772939,0.36849927849927844
2018-04-04,0.10221681096681097,0.34275974025974026
2018-04-05,0.029945609945609946,0.23587079587079587
2018-04-06,0.08287698412698412,0.4444047619047619
2018-04-07,0.13636363636363635,0.45454545454545453
2018-04-08,0.10402777777777779,0.24305555555555555
2018-04-09,0.04429864117364118,0.4259800384800385
2018-04-10,0.09711538461538462,0.3745512820512821
2018-04-11,0.07177579365079366,0.29642857142857143
2018-04-12,-0.0309659090909091,0.32803030303030306
2018-04-13,0.2020494743351886,0.42854095375523943
2018-04-14,0.09833333333333334,0.19666666666666668
2018-04-15,0.057499999999999996,0.3775
2018-04-16,0.02007575757575758,0.22756734006734003
2018-04-17,0.1544065656565657,0.31329966329966324
2018-04-18,0.12471064814814814,0.3494212962962963
2018-04-19,0.13694329660238752,0.4168732782369146
2018-04-20,0.054031385281385284,0.2856525419025419
2018-04-21,-0.020000000000000007,0.36
2018-04-22,-0.05069444444444444,0.293287037037037
2018-04-23,-0.049999999999999996,0.5180555555555556
2018-04-24,-0.08093820861678006,0.3366780045351474
2018-04-25,0.07115169552669552,0.3268383237133237
2018-04-26,0.06928544706322484,0.2906051253273476
2018-04-27,-0.02009641873278237,0.4085837268791814
2018-04-28,-0.049603174603174593,0.43849206349206354
2018-04-29,-0.09261904761904763,0.5776785714285715
2018-04-30,-0.002171717171717172,0.43465909090909094
2018-05-01,0.025897366522366516,0.41664862914862916
2018-05-02,-0.06799242424242424,0.24816017316017316
2018-05-03,0.12914141414141414,0.3776936026936027
2018-05-04,0.09412393162393161,0.41143162393162397
2018-05-05,0.125,0.425
2018-05-06,0.03607142857142856,0.3410714285714286
2018-05-07,0.09348484848484849,0.33439393939393935
2018-05-08,0.08894949494949494,0.31114646464646467
2018-05-09,0.022097902097902085,0.29463036963036965
2018-05-10,-0.029655934343434352,0.2503945707070707
2018-05-11,0.13720238095238096,0.2657738095238095
2018-05-12,-0.026041666666666668,0.09791666666666668
2018-05-13,0.048906893004115236,0.3619984567901235
2018-05-14,-0.04621212121212122,0.13484848484848486
2018-05-15,0.0846969696969697,0.2816287878787879
2018-05-16,0.12980429292929294,0.361824494949495
2018-05-17,0.0233003108003108,0.3895979020979021
2018-05-18,0.049770431588613405,0.5066000918273645
2018-05-19,0.10000000000000002,0.2555555555555556
2018-05-20,0.0010521885521885474,0.2194023569023569
2018-05-21,0.079375,0.22166666666666668
2018-05-22,0.026242715617715615,0.2468881118881119
2018-05-23,0.026984126984126985,0.31613756613756616
2018-05-24,0.039506172839506186,0.4208333333333333
2018-05-25,0.03622920048701299,0.41356534090909086
2018-05-26,0.16666666666666666,0.3611111111111111
2018-05-27,0.07777777777777778,0.2388888888888889
2018-05-28,0.09999999999999999,0.48333333333333334
2018-05-29,0.07446548821548822,0.3787584175084175
2018-05-30,0.08420033670033668,0.32569865319865315
2018-05-31,-0.03257575757575758,0.2647047397047397
2018-06-01,-0.09456018518518518,0.4435185185185185
2018-06-02,0.04810606060606061,0.3634090909090909
2018-06-03,0.1434848484848485,0.4434217171717172
2018-06-04,0.06333333333333332,0.16166666666666668
2018-06-05,0.12785547785547788,0.2928821178821179
2018-06-06,0.13015151515151513,0.24356060606060606
2018-06-07,0.04255050505050506,0.31526094276094274
2018-06-08,-0.04,0.32904761904761903
2018-06-09,0.0,0.0
2018-06-10,-0.008333333333333333,0.22083333333333333
2018-06-11,0.12371512746512747,0.3580098605098605
2018-06-12,0.14668441938178778,0.33716060985797824
2018-06-13,0.038870410453743794,0.3929041205707872
2018-06-14,0.02368844696969697,0.2760349025974026
2018-06-15,0.1075677830940989,0.3029452418926103
2018-06-16,-0.01388888888888889,0.287962962962963
2018-06-17,0.1385574494949495,0.28118686868686865
2018-06-18,0.09368112947658402,0.34136494818313
2018-06-19,0.08623647186147186,0.29663419913419914
2018-06-20,0.08005952380952382,0.22604497354497355
2018-06-21,0.12065521284271286,0.41631268037518027
2018-06-22,0.13059512536075035,0.45749301046176044
2018-06-23,-0.03333333333333334,0.09722222222222222
2018-06-24,0.1470238095238095,0.4726190476190476
2018-06-25,0.049768518518518524,0.30625
2018-06-26,0.13515151515151516,0.29972727272727273
2018-06-27,0.08342412217412218,0.35015271765271766
2018-06-28,0.15575,0.3893611111111111
2018-06-29,-0.00805375180375181,0.2761138167388168
2018-06-30,0.09575757575757575,0.3375252525252525
2018-07-01,-0.00490460157126824,0.35221099887766555
2018-07-02,8.41750841750878e-05,0.36972502805836144
2018-07-03,0.05734848484848485,0.31185606060606064
2018-07-04,0.2378125,0.5075000000000001
2018-07-05,0.059633838383838386,0.14549242424242423
2018-07-06,0.13095376845376847,0.374454156954157
2018-07-07,-0.32222222222222224,0.3888888888888889
2018-07-08,0.07650112233445566,0.3219276094276094
2018-07-09,0.11028338945005611,0.5131102693602695
2018-07-10,0.118553841991342,0.3678233225108225
2018-07-11,0.06974386724386725,0.25971500721500723
2018-07-12,0.041666666666666664,0.26944444444444443
2018-07-13,0.05242642773892773,0.3753236693861694
2018-07-14,0.19270833333333334,0.41666666666666663
2018-07-15,0.0,0.0
2018-07-16,0.057632001836547285,0.36949724517906335
2018-07-17,0.07344104308390022,0.38609693877551016
2018-07-18,-0.025308641975308646,0.07361111111111113
2018-07-19,0.006890847247990106,0.3823133116883117
2018-07-20,0.06133332625979686,0.25997948674419263
2018-07-21,0.25,0.5
2018-07-22,0.04111781076066791,0.17328385899814472
2018-07-23,0.04859963269054179,0.180222681359045
2018-07-24,0.13161300505050505,0.32162172318422316
2018-07-25,0.015472910927456385,0.25199724517906336
2018-07-26,0.00045405982905983704,0.3479700854700854
2018-07-27,0.09844276094276093,0.3191919191919192
2018-07-28,0.12272727272727273,0.5535353535353535
2018-07-29,-0.06250000000000001,0.15000000000000002
2018-07-30,0.13876262626262625,0.3384680134680135
2018-07-31,0.1615921115921116,0.31302308802308804
2018-08-01,0.06068602693602695,0.40757996632996635
2018-08-02,0.028336940836940834,0.24411560661560663
2018-08-03,0.11353625541125541,0.429099025974026
2018-08-04,0.13333333333333333,0.4625
2018-08-05,0.24695454545454548,0.4318484848484848
2018-08-06,0.1648989898989899,0.2894781144781145
2018-08-07,0.09400252525252525,0.3710227272727273
2018-08-08,0.06416083916083916,0.4167540792540792
2018-08-09,0.09735449735449737,0.43042328042328043
2018-08-10,0.05037878787878789,0.3276515151515151
2018-08-11,0.08,0.23249999999999998
2018-08-12,0.10833333333333334,0.23333333333333336
2018-08-13,0.025,0.12575757575757576
2018-08-14,0.1915,0.35783333333333334
2018-08-15,0.08054407713498622,0.31791207529843896
2018-08-16,-0.02168109668109668,0.5525974025974026
2018-08-17,0.0653493265993266,0.4067508417508418
2018-08-18,0.17198232323232324,0.4115025252525253
2018-08-19,0.13413636363636364,0.3199545454545455
2018-08-20,-0.022053872053872055,0.3308080808080808
2018-08-21,0.06814574314574313,0.40673801507134844
2018-08-22,-0.023614718614718616,0.2730799062049062
2018-08-23,0.008780303030303032,0.4363787878787878
2018-08-24,0.053725718725718734,0.3660586635586635
2018-08-25,0.03149350649350649,0.34251803751803755
2018-08-26,0.1,0.19583333333333333
2018-08-27,0.06245791245791246,0.6177609427609427
2018-08-28,0.06100529100529101,0.33095385067607286
2018-08-29,0.1866161616161616,0.3993686868686868
2018-08-30,0.16145833333333331,0.42135416666666664
2018-08-31,0.16638708513708508,0.4654040404040405
2018-09-02,0.15541666666666665,0.5208333333333334
2018-09-03,0.05903679653679654,0.29385281385281387
2018-09-04,0.008880471380471369,0.39812710437710436
2018-09-05,0.019135802469135797,0.21049382716049383
2018-09-06,0.07723484848484849,0.43272727272727274
2018-09-07,0.13031778827233376,0.40582939787485245
2018-09-08,0.17500000000000004,0.45833333333333337
2018-09-09,0.06818181818181819,0.29195526695526697
2018-09-10,0.1239253647586981,0.3663973063973064
2018-09-11,0.09117965367965367,0.24956709956709958
2018-09-12,0.09509890572390572,0.2876599326599326
2018-09-13,0.08871366728509586,0.2972286641929499
2018-09-14,0.015634920634920633,0.2871031746031746
2018-09-15,0.25,0.225
2018-09-16,0.1134090909090909,0.21936363636363637
2018-09-17,0.0768939393939394,0.2549242424242424
2018-09-18,0.14276131854256854,0.3494036345598846
2018-09-19,0.08400587507730364,0.38911306947021235
2018-09-20,0.06663510101010102,0.25255681818181813
2018-09-21,0.11986308664880094,0.31002070019927164
2018-09-22,0.1225,0.35250000000000004
2018-09-23,0.07166907166907166,0.21342291967291965
2018-09-24,0.05886363636363635,0.3323232323232323
2018-09-25,0.12862841073068348,0.4527482618391709
2018-09-26,0.14450757575757578,0.4309106691919191
2018-09-27,0.0860742845117845,0.45267045454545457
2018-09-28,0.09662698412698413,0.3887301587301587
2018-09-29,0.300189393939394,0.4846590909090909
2018-09-30,0.13458333333333333,0.5633333333333332
2018-10-01,-0.018159486016628867,0.46963340891912325
2018-10-02,0.1428030303030303,0.37900155400155405
2018-10-03,0.06542699724517907,0.22200413223140494
2018-10-04,0.03617283950617283,0.278641975308642
2018-10-05,0.11443452380952382,0.22467757936507937
2018-10-06,0.8,0.9
2018-10-07,-0.008585858585858593,0.23101010101010103
2018-10-08,0.108125,0.27222222222222225
2018-10-09,0.013362794612794618,0.37085437710437713
2018-10-10,0.03988792142201233,0.2982675783812147
2018-10-11,-0.029386160714285715,0.2816555059523809
2018-10-12,0.03359363636363635,0.3099275424575424
2018-10-13,-0.09375,0.25
2018-10-14,0.11000000000000001,0.25666666666666665
2018-10-15,0.10460069444444443,0.3829861111111111
2018-10-16,0.1645821854912764,0.4020247933884297
2018-10-17,0.0459280303030303,0.36903409090909095
2018-10-18,-0.009995039682539682,0.4071924603174603
2018-10-19,0.11302083333333335,0.259765625
2018-10-20,0.08124999999999999,0.4083333333333333
2018-10-21,0.07089251893939395,0.45965909090909096
2018-10-22,0.11750000000000001,0.3473333333333333
2018-10-23,0.019671717171717177,0.33336868686868687
2018-10-24,0.11742424242424242,0.25909090909090915
2018-10-25,-0.005039026629935722,0.2979338842975206
2018-10-26,0.16117283950617284,0.390679012345679
2018-10-27,0.4041666666666667,0.6041666666666666
2018-10-28,0.06992845117845119,0.32838804713804715
2018-10-29,0.10303030303030303,0.27121212121212124
2018-10-30,0.030397727272727274,0.34524936868686873
2018-10-31,0.2009920634920635,0.47312925170068026
2018-11-01,0.12132984607984608,0.3596105098605099
2018-11-02,0.12499999999999999,0.40208333333333324
2018-11-03,0.20185185185185187,0.4055555555555555
2018-11-04,-0.21145833333333336,0.5166666666666666
2018-11-05,0.13820512820512823,0.3862820512820513
2018-11-06,0.05098140495867769,0.37290518824609736
2018-11-07,0.0488926555470673,0.35711962057550284
2018-11-08,0.08166666666666667,0.4501442307692307
2018-11-09,0.01280240901074234,0.23372422639089308
2018-11-10,0.39,0.5466666666666666
2018-11-11,-0.018831168831168834,0.23008658008658006
2018-11-12,0.023787878787878785,0.33909090909090905
2018-11-13,0.12012917637917638,0.37113927738927743
2018-11-14,0.10369769119769118,0.47892616642616637
2018-11-15,0.08581737706737708,0.38478740395407063
2018-11-16,0.05845959595959596,0.4957171717171717
2018-11-17,0.10238095238095238,0.2988095238095238
2018-11-18,0.17373737373737375,0.38560606060606056
2018-11-19,0.08743686868686869,0.32650252525252527
2018-11-20,-0.03514957264957264,0.2916666666666667
2018-11-21,0.044781144781144776,0.3541048237476809
2018-11-22,0.0593294051627385,0.27811447811447815
2018-11-23,0.017581507034632043,0.4205965909090909
2018-11-24,0.1,0.3
2018-11-25,0.05627039627039626,0.33261072261072266
2018-11-26,-0.07117424242424243,0.41657196969696964
2018-11-27,0.12422882672882672,0.3494308469308469
2018-11-28,0.0412534435261708,0.2643422865013774
2018-11-29,0.043055555555555555,0.26536458333333335
2018-11-30,-0.004660238751147829,0.3140955004591368
2018-12-01,0.04947916666666667,0.2583333333333333
2018-12-02,0.2891955266955267,0.5207972582972583
2018-12-03,-0.15234375,0.32083333333333336
2018-12-04,0.07808972073677956,0.350222816399287
2018-12-05,0.020785662749948468,0.22425530818387962
2018-12-06,0.07858585858585859,0.34111111111111114
2018-12-07,0.030668805400948265,0.38405096887239737
2018-12-09,0.023750000000000004,0.37875000000000003
2018-12-10,0.06327861952861953,0.25822811447811445
2018-12-11,0.08214285714285716,0.2107142857142857
2018-12-12,0.12145061728395062,0.3589506172839506
2018-12-13,0.06415263748597082,0.3536672278338945
2018-12-14,0.04024216524216525,0.33935185185185185
2018-12-15,0.12890151515151516,0.2491161616161616
2018-12-16,0.02875309214594929,0.4111355905998763
2018-12-17,0.054893879268879266,0.39664802789802794
2018-12-18,0.06362258953168044,0.24297176308539947
2018-12-19,0.030306637806637806,0.3800829725829726
2018-12-20,0.08476107226107225,0.29941724941724945
2018-12-21,-0.009634809634809642,0.319949494949495
2018-12-22,0.033333333333333326,0.6833333333333333
2018-12-23,-0.15,0.3666666666666667
2018-12-24,-0.033888888888888885,0.40666666666666673
2018-12-25,0.045214646464646464,0.33414141414141413
2018-12-26,-0.012499999999999999,0.4025
2018-12-27,0.025,0.4
2018-12-28,0.1101190476190476,0.43674450549450544
2018-12-29,-0.17373737373737375,0.4727272727272727
2018-12-30,0.025000000000000005,0.13999999999999999
2018-12-31,0.057222222222222216,0.21944444444444447
2019-01-01,-0.18308080808080804,0.41750841750841755
2019-01-02,0.065703125,0.3043923611111111
2019-01-03,0.07916666666666668,0.402891156462585
2019-01-04,0.14958333333333332,0.2384375
2019-01-05,0.0625,0.4375
2019-01-06,0.1678787878787879,0.5291666666666666
2019-01-07,0.21292087542087543,0.39831649831649835
2019-01-08,0.022997835497835496,0.14368131868131867
2019-01-09,0.08124999999999999,0.4344328703703703
2019-01-10,-0.05562982768865123,0.5123885918003566
2019-01-11,0.04768027497194163,0.3099579124579125
2019-01-12,-0.004365079365079366,0.28442460317460316
2019-01-13,-0.049053030303030314,0.43579545454545454
2019-01-14,0.05022546897546897,0.2525703463203463
2019-01-15,0.14962121212121213,0.308459595959596
2019-01-16,0.0022902637485970787,0.43257174923841585
2019-01-17,0.09196296296296297,0.3144074074074074
2019-01-18,-2.7755575615628915e-18,0.3733333333333333
2019-01-19,0.0,0.1
2019-01-20,-0.026587301587301593,0.28676587301587303
2019-01-21,0.1596969696969697,0.44746212121212114
2019-01-22,0.07680560180560182,0.4182049432049432
2019-01-23,0.0986479377104377,0.26460963804713805
2019-01-24,0.17515495867768596,0.3825872359963269
2019-01-25,-0.046701388888888896,0.24201388888888886
2019-01-26,1.0,1.0
2019-01-27,0.16904761904761903,0.3119047619047619
2019-01-28,0.07312499999999998,0.341625
2019-01-29,-0.09444444444444444,0.23611111111111108
2019-01-30,0.0325,0.31083333333333335
2019-01-31,0.10522923681257017,0.3739803591470258
2019-02-02,0.017499999999999998,0.3366666666666666
2019-02-03,0.22558441558441555,0.3383766233766234
2019-02-04,0.0748148148148148,0.3685185185185186
2019-02-05,0.11337448559670785,0.3361111111111111
2019-02-06,0.12048209366391184,0.3583746556473829
2019-02-07,0.15805561021470113,0.3662906664043028
2019-02-08,0.03328962703962704,0.3053030303030303
2019-02-09,-0.2,0.2
2019-02-10,0.07364718614718614,0.21406204906204906
2019-02-11,0.0006786616161616119,0.3936395202020202
2019-02-12,0.013468013468013467,0.23476430976430976
2019-02-13,0.10807291666666667,0.4902083333333333
2019-02-14,0.12354016354016355,0.3797282347282347
2019-02-15,0.02627525252525252,0.3408925796425797
2019-02-16,0.1571969696969697,0.4642676767676767
2019-02-17,0.16666666666666666,0.3138888888888889
2019-02-18,0.022727272727272724,0.30303030303030304
2019-02-19,0.13125,0.5027777777777778
2019-02-20,0.07510822510822511,0.3007575757575758
2019-02-21,-0.048378787878787875,0.4078484848484848
2019-02-22,0.022489177489177486,0.3214718614718615
2019-02-23,0.10194444444444446,0.4327777777777778
2019-02-24,-0.029166666666666674,0.5875
2019-02-25,0.1486111111111111,0.37563492063492065
2019-02-26,0.05000000000000001,0.2952380952380952
2019-02-27,-0.012499999999999997,0.1515625
2019-02-28,-0.052954545454545456,0.21904040404040406
2019-03-01,0.0055608718766613436,0.5271863370547581
2019-03-02,-0.1161300505050505,0.5928188131313132
2019-03-03,0.10189393939393938,0.3300631313131313
2019-03-04,0.2044117965367965,0.40869209956709956
2019-03-05,0.01791666666666666,0.31875
2019-03-06,0.008246527777777778,0.28680555555555554
2019-03-07,0.09640827922077923,0.3474397997835497
2019-03-08,0.02604166666666667,0.27187500000000003
2019-03-09,-0.03044217687074829,0.4918367346938775
2019-03-10,-0.01939393939393939,0.2642424242424243
2019-03-11,0.04699074074074073,0.3606481481481481
2019-03-12,-0.05,0.4035353535353536
2019-03-13,0.20098958333333333,0.42234375
2019-03-14,0.11190476190476191,0.14732142857142858
2019-03-15,-0.032598039215686284,0.38178104575163396
2019-03-16,0.049999999999999996,0.31875
2019-03-17,0.060416666666666674,0.2048611111111111
2019-03-18,0.11741161616161615,0.44228475228475234
2019-03-19,0.17318181818181816,0.32300505050505046
2019-03-20,0.09100040584415585,0.3016977813852814
2019-03-21,0.01747448979591837,0.3289115646258503
2019-03-22,0.08499536178107607,0.3794629973201401
2019-03-23,0.06818181818181818,0.37727272727272726
2019-03-24,0.09843749999999998,0.403125
2019-03-25,0.07806473829201101,0.38054407713498617
2019-03-26,-0.03307506887052342,0.2953684573002755
2019-03-27,0.08127705627705627,0.3094877344877344
2019-03-28,0.015514069264069265,0.3271266233766234
2019-03-29,0.03680555555555556,0.3909722222222222
2019-03-30,-0.1,0.2
2019-03-31,-0.0875,0.4
2019-04-01,0.10625000000000001,0.6291666666666667
2019-04-02,0.07361111111111111,0.20416666666666666
2019-04-03,0.03600609267275934,0.29027016193682864
2019-04-04,0.1055632215007215,0.3340715187590187
2019-04-05,0.08935406698564591,0.28863636363636364
2019-04-06,0.2916666666666667,0.5
2019-04-07,-0.006250000000000002,0.44375
2019-04-08,0.06190476190476189,0.32665816326530617
2019-04-09,0.0639090909090909,0.13986363636363636
2019-04-10,-0.049074074074074076,0.2882275132275132
2019-04-11,0.06530032467532469,0.3817550505050505
2019-04-12,0.014853896103896097,0.41946363821363825
2019-04-13,0.28393939393939394,0.5727840909090909
2019-04-14,0.09467592592592593,0.42476851851851855
2019-04-15,0.07108385806113078,0.3976548274957366
2019-04-16,0.06228632478632479,0.2512820512820513
2019-04-17,0.10535327767470624,0.31472634508348785
2019-04-18,0.17910353535353538,0.33265993265993266
2019-04-19,0.1954861111111111,0.5416666666666666
2019-04-20,-0.004545454545454547,0.18484848484848485
2019-04-21,0.006060606060606058,0.3590909090909091
2019-04-22,0.046969696969696974,0.40497835497835494
2019-04-23,0.11618939393939394,0.20774242424242426
2019-04-24,0.11163299663299665,0.5393013468013468
2019-04-25,0.034921946740128544,0.2371303948576676
2019-04-26,0.009911616161616158,0.2997053872053872
2019-04-27,0.008333333333333345,0.29583333333333334
2019-04-28,0.0,0.0
2019-04-29,0.1012987012987013,0.42716450216450225
2019-04-30,0.12291666666666667,0.20027777777777778
2019-05-01,0.05925324675324676,0.22941558441558443
2019-05-02,0.04267857142857142,0.30122023809523807
2019-05-03,-0.013194444444444451,0.21875
2019-05-04,0.0,0.0
2019-05-05,0.04521103896103896,0.5157034632034632
2019-05-06,0.12954545454545455,0.21991341991341992
2019-05-07,0.078125,0.26666666666666666
2019-05-08,-0.004387626262626255,0.41025883838383836
2019-05-09,0.3112209759937033,0.5177423586514495
2019-05-10,0.17002164502164502,0.2668831168831169
2019-05-11,0.0625,0.19583333333333333
2019-05-12,-0.10555555555555556,0.4777777777777778
2019-05-13,0.09492079889807163,0.37865013774104683
2019-05-14,0.17316287878787878,0.45234848484848483
2019-05-15,0.06681240981240982,0.30389321789321794
2019-05-16,-0.048815073815073814,0.26593337218337215
2019-05-17,0.08392676767676768,0.5276767676767677
2019-05-18,0.004629629629629627,0.3148148148148148
2019-05-19,0.016666666666666673,0.23333333333333334
2019-05-20,0.0003086419753086409,0.47947530864197535
2019-05-21,0.035582611832611834,0.2000901875901876
2019-05-22,0.021752495189995193,0.4019533128908128
2019-05-23,-0.0018987956487956455,0.4307255244755245
2019-05-24,0.09937032664305391,0.30221566312475406
2019-05-25,-0.35000000000000003,0.6466666666666666
2019-05-26,-0.03944444444444444,0.37833333333333335
2019-05-27,0.2059659090909091,0.4355113636363636
2019-05-28,0.10111111111111111,0.2752777777777778
2019-05-29,-0.021807359307359313,0.2402056277056277
2019-05-30,-0.0609090909090909,0.3361363636363636
2019-05-31,0.00851411845730027,0.2179321625344353
2019-06-01,0.027592592592592596,0.267037037037037
2019-06-02,0.0032386363636363637,0.25537878787878787
2019-06-03,0.11827061827061826,0.32239982239982246
2019-06-04,0.05386363636363636,0.2837121212121212
2019-06-05,0.05229568411386593,0.38904958677685947
2019-06-06,0.09517906336088154,0.25488980716253445
2019-06-07,0.024189814814814792,0.4103240740740741
2019-06-08,0.15871212121212122,0.271540404040404
2019-06-09,0.13683712121212122,0.3641098484848485
2019-06-10,0.07448484848484849,0.3482272727272727
2019-06-11,0.07551767676767676,0.3283459595959596
2019-06-12,-0.03758116883116883,0.388241341991342
2019-06-13,0.021310325476992145,0.31583894500561166
2019-06-14,0.14459595959595958,0.3343939393939394
2019-06-15,-0.09078282828282827,0.23049242424242422
2019-06-16,0.1722222222222222,0.49444444444444446
2019-06-17,0.14903309409888355,0.3385679160021265
2019-06-18,0.13435374149659865,0.4041836734693878
2019-06-19,0.007417929292929293,0.24906565656565655
2019-06-20,0.04840768799102131,0.33646184062850737
2019-06-21,0.04201388888888889,0.2512152777777778
2019-06-22,0.13333333333333333,0.2222222222222222
2019-06-23,0.18068181818181817,0.4647727272727273
2019-06-24,0.0678214436026936,0.35475589225589227
2019-06-25,0.04875,0.3875
2019-06-26,-0.06150793650793651,0.4228174603174603
2019-06-27,0.12604797979797983,0.2949747474747475
2019-06-28,0.06775793650793652,0.41394400352733685
2019-06-29,-0.050649350649350645,0.35854978354978356
2019-06-30,0.038888888888888896,0.16111111111111112
2019-07-01,0.05238095238095238,0.19384920634920635
2019-07-02,0.0891909571909572,0.2948075998075998
2019-07-03,0.04965034965034966,0.24018065268065267
2019-07-04,0.26552188552188555,0.506060606060606
2019-07-05,0.02700396825396826,0.46398809523809526
2019-07-06,-0.343939393939394,0.6007575757575758
2019-07-07,-0.009305555555555548,0.3168055555555555
2019-07-08,-0.0014520202020202138,0.24400252525252528
2019-07-09,-0.04554816876245448,0.24336756167113308
2019-07-10,0.048232323232323224,0.2426767676767677
2019-07-11,0.13284259259259257,0.25362345679012344
2019-07-12,0.06250012883941455,0.4652446660482374
2019-07-13,0.06818181818181818,0.2772727272727273
2019-07-14,0.1261904761904762,0.580952380952381
2019-07-15,-0.014236111111111116,0.37001262626262627
2019-07-16,0.0211489898989899,0.43253367003367005
2019-07-17,0.13982683982683983,0.34108946608946605
2019-07-18,0.05401234567901235,0.42962962962962964
2019-07-19,0.07164502164502165,0.212987012987013
2019-07-20,-0.14814814814814814,0.27037037037037037
2019-07-21,0.11957070707070706,0.20505050505050504
2019-07-22,0.14059523809523808,0.4291666666666667
2019-07-23,0.06444444444444444,0.4746180555555556
2019-07-24,-0.04646825396825397,0.35761904761904767
2019-07-25,0.005651293151293171,0.39136918636918633
2019-07-26,0.0704040404040404,0.25702020202020204
2019-07-27,0.0875,0.4875
2019-07-28,0.09333333333333334,0.3333333333333333
2019-07-29,0.03738095238095238,0.1869047619047619
2019-07-30,0.09870370370370372,0.2250925925925926
2019-07-31,0.0024576118326118286,0.3057391138273491
2019-08-01,0.06660037878787878,0.2895967487373737
2019-08-02,-0.019444444444444445,0.2972222222222222
2019-08-03,-0.25,0.25
2019-08-04,0.00555555555555555,0.31666666666666665
2019-08-05,0.016213474025974024,0.33425324675324675
2019-08-06,-0.048355348355348354,0.3598743848743849
2019-08-07,0.058767217630854,0.30584022038567493
2019-08-08,0.06043388429752066,0.46697658402203857
2019-08-09,0.1035016835016835,0.34996151996152
2019-08-11,0.065,0.5167948717948718
2019-08-12,0.1393939393939394,0.30376683501683505
2019-08-13,0.043097643097643086,0.4953563411896746
2019-08-14,0.011150568181818178,0.23821022727272725
2019-08-15,0.12402597402597403,0.25984848484848483
2019-08-16,-0.0026059203142536507,0.18843294051627388
2019-08-17,-0.0423611111111111,0.25555555555555554
2019-08-18,0.05833333333333333,0.07222222222222223
2019-08-19,0.08305284992784992,0.23232233044733044
2019-08-20,0.24309523809523811,0.3048015873015873
2019-08-21,0.24785984848484846,0.5161879208754209
2019-08-22,0.09497222222222222,0.283125
2019-08-23,0.06978438228438227,0.22775349650349652
2019-08-24,0.01666666666666668,0.5314814814814814
2019-08-25,0.048611111111111105,0.5018518518518518
2019-08-26,0.17833333333333334,0.3963888888888889
2019-08-27,0.05700757575757576,0.2040530303030303
2019-08-28,0.014823232323232325,0.44098484848484854
2019-08-29,0.17330578512396697,0.5170798898071625
2019-08-30,-0.03702651515151515,0.10817550505050505
2019-08-31,0.2371212121212121,0.5431818181818181
2019-09-01,0.06867424242424243,0.2953030303030303
2019-09-02,0.07833333333333332,0.21611111111111111
2019-09-04,-0.0022885101010100993,0.3109848484848484
2019-09-05,0.12594598583234948,0.3489938344483799
2019-09-06,0.11111900252525252,0.26576704545454544
2019-09-07,0.55,0.75
2019-09-08,0.08446969696969697,0.2650974025974026
2019-09-09,0.08095238095238096,0.2779761904761905
2019-09-10,0.033022533022533024,0.37592268842268844
2019-09-11,0.0009469696969696984,0.26851851851851855
2019-09-12,0.05785195707070708,0.2999909812409813
2019-09-13,0.12045454545454544,0.33114478114478113
2019-09-14,0.022727272727272724,0.07575757575757576
2019-09-15,0.039873737373737374,0.4118939393939394
2019-09-16,0.12850340136054422,0.3598384353741496
2019-09-17,0.10662337662337662,0.33275252525252524
2019-09-18,-0.026165501165501155,0.35962995337995335
2019-09-19,0.17805944055944056,0.5419289044289044
2019-09-20,0.1446109693877551,0.31318027210884347
2019-09-21,0.10833333333333334,0.2638888888888889
2019-09-22,0.23874007936507938,0.41686507936507927
2019-09-23,0.11529839208410637,0.4461193568336426
2019-09-24,-0.013599537037037035,0.4021412037037037
2019-09-25,0.11351932018598689,0.47490860990860984
2019-09-26,0.0911888111888112,0.367972027972028
2019-09-27,0.018882947118241237,0.3778342245989305
2019-09-28,0.2287878787878788,0.35
2019-09-29,0.08128156565656565,0.40279040404040406
2019-09-30,0.16826599326599323,0.456499518999519
2019-10-01,-0.0606902356902357,0.38072390572390574
2019-10-02,-0.01233766233766234,0.341991341991342
2019-10-03,0.03138959034792368,0.40161756453423125
2019-10-04,-0.08576388888888889,0.4482638888888889
2019-10-06,0.12540404040404038,0.4633838383838384
2019-10-07,0.10759154040404041,0.34615913600288606
2019-10-08,0.008583603896103896,0.2532647907647908
2019-10-09,0.07777777777777778,0.26466049382716045
2019-10-10,-0.0192934553872054,0.3472779882154882
2019-10-11,0.08735836627140978,0.3114481110676763
2019-10-12,-0.08888888888888889,0.17222222222222222
2019-10-13,0.325,0.475
2019-10-14,0.040476884226884224,0.31886169386169383
2019-10-15,0.06909722222222223,0.3383246527777778
2019-10-16,0.027128694350916572,0.3616806958473625
2019-10-17,0.1722718253968254,0.2866567460317461
2019-10-18,0.018153759820426482,0.4588664421997755
2019-10-19,-0.375,0.625
2019-10-20,0.1253030303030303,0.4154545454545454
2019-10-21,0.18333333333333335,0.3763888888888889
2019-10-22,0.034999999999999996,0.23895833333333333
2019-10-23,0.06923076923076922,0.33589743589743587
2019-10-24,0.07009803921568628,0.12745098039215685
2019-10-25,0.024160052910052916,0.3446494708994709
2019-10-26,-0.04583333333333334,0.3
2019-10-27,0.10126262626262628,0.18939393939393936
2019-10-28,0.06891996891996892,0.2446192696192696
2019-10-29,0.08622835497835497,0.34853896103896104
2019-10-30,-0.026739926739926742,0.3249084249084249
2019-10-31,-0.03603988603988604,0.5153846153846154
2019-11-01,0.1355271199388846,0.36918703845174433
2019-11-02,0.29,0.5788888888888889
2019-11-03,0.11595959595959594,0.4350505050505051
2019-11-04,0.0027777777777777796,0.22024691358024692
2019-11-05,-0.04027146464646465,0.20296085858585858
2019-11-06,0.19677777777777777,0.5276666666666666
2019-11-07,0.03890831390831391,0.2446872571872572
2019-11-08,0.09507575757575756,0.3216810966810967
2019-11-09,0.03409090909090909,0.36363636363636365
2019-11-10,0.15689033189033189,0.4006132756132756
2019-11-11,0.03784271284271284,0.19083694083694083
2019-11-12,0.07266528925619833,0.35024793388429754
2019-11-13,0.1447787789133943,0.4024841611380073
2019-11-14,0.043225524475524475,0.33991841491841485
2019-11-15,0.04602272727272727,0.40340909090909094
2019-11-16,0.0653030303030303,0.35212121212121206
2019-11-17,0.09166666666666663,0.39537037037037037
2019-11-18,0.12514430014430014,0.31935425685425683
2019-11-19,0.10468749999999999,0.3260416666666667
2019-11-20,0.05000000000000001,0.15347222222222223
2019-11-21,0.07589285714285714,0.4083333333333333
2019-11-22,0.061983471074380174,0.28085399449035814
2019-11-23,-0.07638888888888888,0.4819444444444445
2019-11-24,-0.009305555555555553,0.24597222222222226
2019-11-25,0.05954861111111111,0.416875
2019-11-26,0.10014029180695845,0.34615951178451176
2019-11-27,0.12067099567099568,0.24112554112554113
2019-11-28,0.1375,0.36875
2019-11-29,0.06904761904761905,0.35714285714285715
2019-11-30,0.12777777777777777,0.3333333333333333
2019-12-01,0.15107744107744106,0.35235690235690237
2019-12-02,0.05595238095238096,0.2773809523809524
2019-12-03,0.07147435897435897,0.15192307692307694
2019-12-04,0.02916666666666666,0.17968750000000003
2019-12-05,0.12275058275058273,0.39181818181818184
2019-12-06,-0.021515151515151515,0.2905555555555556
2019-12-07,0.0,0.0
2019-12-08,0.20454861111111114,0.47534722222222225
2019-12-09,0.10227272727272728,0.25965909090909095
2019-12-10,0.1356902356902357,0.20122053872053874
2019-12-11,0.1273148148148148,0.5200231481481481
2019-12-12,0.050268595041322285,0.5130273514364423
2019-12-13,0.07165977961432507,0.2743457300275482
2019-12-14,0.20446127946127945,0.603219696969697
2019-12-15,-0.01833333333333334,0.32166666666666666
2019-12-16,-0.0345959595959596,0.317550505050505
2019-12-17,0.08100895316804407,0.27975206611570247
2019-12-18,0.05922348484848485,0.22737689393939395
2019-12-19,0.14794318181818183,0.4601856060606061
2019-12-20,-0.002904040404040409,0.31335227272727273
2019-12-21,-0.09999999999999999,0.15
2019-12-22,-0.29437830687830685,0.6653439153439153
2019-12-23,0.1440160533910534,0.3542929292929293
2019-12-24,0.14138047138047138,0.3597558922558922
2019-12-25,0.0625,0.14583333333333334
2019-12-26,0.125,0.3291666666666667
2019-12-27,0.07500000000000001,0.41041666666666665
2019-12-29,0.177020202020202,0.3659932659932659
2019-12-30,0.06753246753246754,0.32272727272727275
2019-12-31,0.12856060606060607,0.3095075757575757
